layer,layerName,stage,sparsity,eval_loss,eval_top1,eval_top5
0,conv1,0,0.0,0.9510 (0.9626),76.1719 (76.0120),93.3594 (92.9340)
layer,layerName,stage,sparsity,eval_loss,eval_top1,eval_top5
0,conv1,0,0.0,0.9865 (0.9626),75.0000 (76.0120),92.5781 (92.9340)
0,conv1,1,0.09999999999999999,0.9500 (0.9626),75.7812 (76.0020),93.3594 (92.9740)
0,conv1,1,0.09999999999999999,0.9848 (0.9626),75.0000 (76.0020),92.9688 (92.9740)
0,conv1,2,0.19999999999999998,0.9471 (0.9630),75.7812 (76.0700),93.3594 (92.9200)
0,conv1,2,0.19999999999999998,0.9808 (0.9630),75.0000 (76.0700),92.5781 (92.9200)
0,conv1,3,0.3,0.9647 (0.9678),75.7812 (75.9080),93.3594 (92.8540)
0,conv1,3,0.3,0.9778 (0.9678),74.6094 (75.9080),92.9688 (92.8540)
0,conv1,4,0.39999999999999997,1.0382 (0.9993),74.6094 (75.3120),92.8571 (92.4400)
0,conv1,4,0.39999999999999997,0.9988 (0.9993),75.3906 (75.3120),92.9688 (92.4400)
0,conv1,5,0.5,1.1358 (1.1044),72.2656 (72.7900),90.6250 (91.0840)
0,conv1,5,0.5,1.0945 (1.1044),72.2656 (72.7900),91.0156 (91.0840)
0,conv1,6,0.6,1.1304 (1.1562),70.7031 (71.7340),90.6250 (90.5440)
0,conv1,6,0.6,1.2008 (1.1562),71.4844 (71.7340),90.2344 (90.5440)
0,conv1,7,0.7000000000000001,1.5691 (1.6060),62.8906 (62.9520),84.7656 (84.5000)
0,conv1,7,0.7000000000000001,1.6033 (1.6060),63.2812 (62.9520),83.9844 (84.5000)
0,conv1,8,0.7999999999999999,2.4070 (2.4438),47.6562 (47.9360),71.8750 (72.2960)
0,conv1,8,0.7999999999999999,2.4659 (2.4438),48.0469 (47.9360),72.6562 (72.2960)
0,conv1,9,0.9,5.9283 (5.9334),12.1094 (12.8480),27.7344 (28.3940)
0,conv1,9,0.9,5.9662 (5.9334),12.1094 (12.8480),27.7344 (28.3940)
1,layer1.0.conv1,1,0.09999999999999999,0.9864 (0.9626),75.0000 (76.0140),92.5781 (92.9340)
1,layer1.0.conv1,1,0.09999999999999999,0.9510 (0.9626),76.1719 (76.0140),93.3594 (92.9340)
1,layer1.0.conv1,2,0.19999999999999998,0.9858 (0.9630),75.0000 (76.0100),92.5781 (92.9260)
1,layer1.0.conv1,2,0.19999999999999998,0.9520 (0.9630),76.1719 (76.0100),93.3594 (92.9260)
1,layer1.0.conv1,3,0.3,0.9588 (0.9642),75.3906 (75.9940),93.3594 (92.9280)
1,layer1.0.conv1,3,0.3,0.9896 (0.9642),74.6094 (75.9940),92.9688 (92.9280)
1,layer1.0.conv1,4,0.39999999999999997,0.9950 (0.9702),75.0000 (75.8720),92.5781 (92.7860)
1,layer1.0.conv1,4,0.39999999999999997,0.9665 (0.9702),75.7812 (75.8720),93.3594 (92.7860)
1,layer1.0.conv1,5,0.5,1.0142 (26424791766915.5938),75.0000 (75.7340),92.5781 (92.7840)
1,layer1.0.conv1,5,0.5,0.9708 (26424791766915.5938),75.7812 (75.7340),92.9688 (92.7840)
1,layer1.0.conv1,6,0.6,1.0524 (1.0331),73.4375 (74.4020),91.4062 (92.2140)
1,layer1.0.conv1,6,0.6,1.0236 (1.0331),74.6094 (74.4020),92.5781 (92.2140)
1,layer1.0.conv1,7,0.7000000000000001,1.1924 (1.1668),71.4844 (71.6780),89.4531 (90.5780)
1,layer1.0.conv1,7,0.7000000000000001,1.1468 (1.1668),72.2656 (71.6780),90.6250 (90.5780)
1,layer1.0.conv1,8,0.7999999999999999,1.5493 (26515251776450.8164),65.2344 (65.0320),87.1094 (86.6960)
1,layer1.0.conv1,8,0.7999999999999999,1.5333 (26515251776450.8164),65.2344 (65.0320),85.5469 (86.6960)
1,layer1.0.conv1,9,0.9,1.9015 (1.8711),57.4219 (58.3380),80.8594 (81.8840)
1,layer1.0.conv1,9,0.9,1.8930 (1.8711),57.8125 (58.3380),82.4219 (81.8840)
2,layer1.0.conv2,1,0.09999999999999999,0.9510 (0.9626),76.1719 (76.0120),93.3594 (92.9340)
2,layer1.0.conv2,1,0.09999999999999999,0.9865 (0.9626),75.0000 (76.0120),92.5781 (92.9340)
2,layer1.0.conv2,2,0.19999999999999998,0.9863 (0.9626),75.0000 (76.0080),92.5781 (92.9380)
2,layer1.0.conv2,2,0.19999999999999998,0.9506 (0.9626),76.1719 (76.0080),93.3594 (92.9380)
2,layer1.0.conv2,3,0.3,0.9516 (0.9627),75.7812 (76.0120),93.3594 (92.9300)
2,layer1.0.conv2,3,0.3,0.9867 (0.9627),75.0000 (76.0120),92.5781 (92.9300)
2,layer1.0.conv2,4,0.39999999999999997,0.9871 (0.9628),75.0000 (76.0060),92.9688 (92.9140)
2,layer1.0.conv2,4,0.39999999999999997,0.9484 (0.9628),76.1719 (76.0060),92.9688 (92.9140)
2,layer1.0.conv2,5,0.5,0.9462 (0.9633),76.1719 (76.0000),93.3594 (92.9420)
2,layer1.0.conv2,5,0.5,0.9911 (0.9633),74.6094 (76.0000),92.5781 (92.9420)
2,layer1.0.conv2,6,0.6,0.9476 (0.9637),76.1719 (76.0340),93.3594 (92.9200)
2,layer1.0.conv2,6,0.6,0.9932 (0.9637),74.6094 (76.0340),92.5781 (92.9200)
2,layer1.0.conv2,7,0.7000000000000001,0.9995 (0.9677),74.6094 (75.9140),92.8571 (92.8500)
2,layer1.0.conv2,7,0.7000000000000001,0.9527 (0.9677),75.7812 (75.9140),93.3594 (92.8500)
2,layer1.0.conv2,8,0.7999999999999999,0.9745 (0.9845),75.3906 (75.4460),92.9688 (92.6100)
2,layer1.0.conv2,8,0.7999999999999999,1.0049 (0.9845),73.8281 (75.4460),92.1875 (92.6100)
2,layer1.0.conv2,9,0.9,1.0474 (1.0790),73.4375 (73.2300),91.4062 (91.3900)
2,layer1.0.conv2,9,0.9,1.1206 (1.0790),72.6562 (73.2300),90.2344 (91.3900)
3,layer1.0.conv3,1,0.09999999999999999,0.9510 (0.9626),76.1719 (76.0120),93.3594 (92.9340)
3,layer1.0.conv3,1,0.09999999999999999,0.9865 (0.9626),75.0000 (76.0120),92.5781 (92.9340)
3,layer1.0.conv3,2,0.19999999999999998,0.9865 (0.9626),75.0000 (76.0100),92.5781 (92.9420)
3,layer1.0.conv3,2,0.19999999999999998,0.9509 (0.9626),76.1719 (76.0100),93.3594 (92.9420)
3,layer1.0.conv3,3,0.3,0.9514 (0.9625),76.1719 (76.0020),93.3594 (92.9480)
3,layer1.0.conv3,3,0.3,0.9854 (0.9625),74.6094 (76.0020),92.5781 (92.9480)
3,layer1.0.conv3,4,0.39999999999999997,0.9550 (0.9628),76.1719 (75.9900),93.3594 (92.9760)
3,layer1.0.conv3,4,0.39999999999999997,0.9841 (0.9628),74.6094 (75.9900),92.9688 (92.9760)
3,layer1.0.conv3,5,0.5,0.9549 (0.9635),75.7812 (75.9680),93.3594 (92.9220)
3,layer1.0.conv3,5,0.5,0.9800 (0.9635),74.6094 (75.9680),92.9688 (92.9220)
3,layer1.0.conv3,6,0.6,0.9781 (0.9643),74.6094 (75.9500),92.5781 (92.9100)
3,layer1.0.conv3,6,0.6,0.9528 (0.9643),75.7812 (75.9500),93.3594 (92.9100)
3,layer1.0.conv3,7,0.7000000000000001,0.9501 (0.9680),75.3906 (75.9180),93.3594 (92.8020)
3,layer1.0.conv3,7,0.7000000000000001,0.9811 (0.9680),74.6094 (75.9180),92.1875 (92.8020)
3,layer1.0.conv3,8,0.7999999999999999,0.9849 (0.9885),74.6094 (75.3040),91.7969 (92.5360)
3,layer1.0.conv3,8,0.7999999999999999,0.9805 (0.9885),75.0000 (75.3040),92.5781 (92.5360)
3,layer1.0.conv3,9,0.9,1.0594 (1.0332),72.6562 (74.3460),91.4062 (91.9920)
3,layer1.0.conv3,9,0.9,0.9966 (1.0332),74.2188 (74.3460),92.1875 (91.9920)
4,layer1.0.downsample.0,1,0.09999999999999999,0.9865 (0.9626),75.0000 (76.0120),92.5781 (92.9340)
4,layer1.0.downsample.0,1,0.09999999999999999,0.9510 (0.9626),76.1719 (76.0120),93.3594 (92.9340)
4,layer1.0.downsample.0,2,0.19999999999999998,0.9510 (0.9626),76.1719 (76.0100),92.9688 (92.9320)
4,layer1.0.downsample.0,2,0.19999999999999998,0.9865 (0.9626),74.6094 (76.0100),92.5781 (92.9320)
4,layer1.0.downsample.0,3,0.3,0.9498 (0.9628),75.7812 (76.0260),93.3594 (92.9560)
4,layer1.0.downsample.0,3,0.3,0.9876 (0.9628),75.0000 (76.0260),92.5781 (92.9560)
4,layer1.0.downsample.0,4,0.39999999999999997,0.9514 (0.9633),76.1719 (76.0700),93.3594 (92.9780)
4,layer1.0.downsample.0,4,0.39999999999999997,0.9909 (0.9633),75.0000 (76.0700),92.5781 (92.9780)
4,layer1.0.downsample.0,5,0.5,0.9928 (0.9670),74.6094 (75.8800),92.5781 (92.9500)
4,layer1.0.downsample.0,5,0.5,0.9614 (0.9670),75.7812 (75.8800),93.3594 (92.9500)
4,layer1.0.downsample.0,6,0.6,0.9813 (0.9849),75.0000 (75.3280),92.5781 (92.7180)
4,layer1.0.downsample.0,6,0.6,1.0051 (0.9849),74.2188 (75.3280),92.1875 (92.7180)
4,layer1.0.downsample.0,7,0.7000000000000001,1.0450 (1.0374),74.6094 (74.2280),92.1875 (92.0720)
4,layer1.0.downsample.0,7,0.7000000000000001,1.0531 (1.0374),74.2188 (74.2280),91.7969 (92.0720)
4,layer1.0.downsample.0,8,0.7999999999999999,1.3090 (1.2925),68.4524 (68.8760),88.2812 (88.9100)
4,layer1.0.downsample.0,8,0.7999999999999999,1.2821 (1.2925),68.3594 (68.8760),89.0625 (88.9100)
4,layer1.0.downsample.0,9,0.9,4.9340 (4.9048),22.6190 (22.4100),41.7969 (41.7020)
4,layer1.0.downsample.0,9,0.9,4.8755 (4.9048),21.8750 (22.4100),40.6250 (41.7020)
5,layer1.1.conv1,1,0.09999999999999999,0.9865 (0.9626),75.0000 (76.0120),92.5781 (92.9340)
5,layer1.1.conv1,1,0.09999999999999999,0.9510 (0.9626),76.1719 (76.0120),93.3594 (92.9340)
5,layer1.1.conv1,2,0.19999999999999998,0.9510 (0.9627),76.1719 (76.0160),93.3594 (92.9320)
5,layer1.1.conv1,2,0.19999999999999998,0.9866 (0.9627),75.0000 (76.0160),92.5781 (92.9320)
5,layer1.1.conv1,3,0.3,0.9878 (0.9626),75.0000 (75.9960),92.5781 (92.9180)
5,layer1.1.conv1,3,0.3,0.9505 (0.9626),76.1719 (75.9960),92.9688 (92.9180)
5,layer1.1.conv1,4,0.39999999999999997,0.9495 (27533799983731.9141),76.1719 (76.0220),93.3594 (92.9640)
5,layer1.1.conv1,4,0.39999999999999997,0.9876 (27533799983731.9141),74.6094 (76.0220),92.9688 (92.9640)
5,layer1.1.conv1,5,0.5,0.9905 (0.9627),75.0000 (76.0440),92.9688 (92.9440)
5,layer1.1.conv1,5,0.5,0.9537 (0.9627),75.7812 (76.0440),93.3594 (92.9440)
5,layer1.1.conv1,6,0.6,0.9939 (26990892013109.2148),75.0000 (76.0140),92.5781 (92.9100)
5,layer1.1.conv1,6,0.6,0.9585 (26990892013109.2148),75.7812 (76.0140),93.3594 (92.9100)
5,layer1.1.conv1,7,0.7000000000000001,0.9852 (0.9649),74.2188 (75.9340),92.9688 (92.8700)
5,layer1.1.conv1,7,0.7000000000000001,0.9631 (0.9649),75.7812 (75.9340),92.9688 (92.8700)
5,layer1.1.conv1,8,0.7999999999999999,0.9926 (0.9786),75.3906 (75.5880),92.5781 (92.6680)
5,layer1.1.conv1,8,0.7999999999999999,0.9658 (0.9786),75.7812 (75.5880),92.9688 (92.6680)
5,layer1.1.conv1,9,0.9,1.0119 (1.0242),75.0000 (74.4780),92.5781 (92.1220)
5,layer1.1.conv1,9,0.9,1.0540 (1.0242),73.8281 (74.4780),92.1875 (92.1220)
6,layer1.1.conv2,1,0.09999999999999999,0.9509 (0.9626),76.1719 (76.0180),93.3594 (92.9380)
6,layer1.1.conv2,1,0.09999999999999999,0.9863 (0.9626),75.0000 (76.0180),92.5781 (92.9380)
6,layer1.1.conv2,2,0.19999999999999998,0.9502 (0.9626),76.1719 (76.0200),93.3594 (92.9200)
6,layer1.1.conv2,2,0.19999999999999998,0.9867 (0.9626),75.0000 (76.0200),92.5781 (92.9200)
6,layer1.1.conv2,3,0.3,0.9501 (0.9629),75.7812 (76.0100),93.3594 (92.9400)
6,layer1.1.conv2,3,0.3,0.9830 (0.9629),74.6094 (76.0100),92.5781 (92.9400)
6,layer1.1.conv2,4,0.39999999999999997,0.9530 (0.9629),76.1719 (76.0280),93.3594 (92.9060)
6,layer1.1.conv2,4,0.39999999999999997,0.9797 (0.9629),74.6094 (76.0280),92.5781 (92.9060)
6,layer1.1.conv2,5,0.5,0.9531 (0.9635),75.7812 (75.9860),93.3594 (92.8940)
6,layer1.1.conv2,5,0.5,0.9804 (0.9635),74.6094 (75.9860),92.5781 (92.8940)
6,layer1.1.conv2,6,0.6,0.9503 (0.9640),75.7812 (76.0140),93.3594 (92.8960)
6,layer1.1.conv2,6,0.6,0.9835 (0.9640),75.0000 (76.0140),92.5781 (92.8960)
6,layer1.1.conv2,7,0.7000000000000001,0.9491 (0.9665),75.7812 (75.9500),93.3594 (92.8240)
6,layer1.1.conv2,7,0.7000000000000001,0.9856 (0.9665),74.2188 (75.9500),92.5781 (92.8240)
6,layer1.1.conv2,8,0.7999999999999999,1.0047 (0.9707),74.6094 (75.8460),92.5781 (92.8400)
6,layer1.1.conv2,8,0.7999999999999999,0.9577 (0.9707),75.3906 (75.8460),93.3594 (92.8400)
6,layer1.1.conv2,9,0.9,0.9798 (0.9926),75.3906 (75.3440),92.5781 (92.5360)
6,layer1.1.conv2,9,0.9,1.0268 (0.9926),74.6094 (75.3440),91.7969 (92.5360)
7,layer1.1.conv3,1,0.09999999999999999,0.9511 (0.9626),76.1719 (76.0100),93.3594 (92.9380)
7,layer1.1.conv3,1,0.09999999999999999,0.9864 (0.9626),75.0000 (76.0100),92.5781 (92.9380)
7,layer1.1.conv3,2,0.19999999999999998,0.9512 (0.9627),76.1719 (76.0240),93.3594 (92.9460)
7,layer1.1.conv3,2,0.19999999999999998,0.9860 (0.9627),75.0000 (76.0240),92.5781 (92.9460)
7,layer1.1.conv3,3,0.3,0.9509 (0.9626),76.1719 (76.0020),93.3594 (92.9420)
7,layer1.1.conv3,3,0.3,0.9863 (0.9626),75.0000 (76.0020),92.5781 (92.9420)
7,layer1.1.conv3,4,0.39999999999999997,0.9523 (0.9625),76.1719 (76.0280),93.3594 (92.9680)
7,layer1.1.conv3,4,0.39999999999999997,0.9862 (0.9625),74.6094 (76.0280),92.5781 (92.9680)
7,layer1.1.conv3,5,0.5,0.9887 (0.9629),74.6094 (76.0140),92.5781 (92.9640)
7,layer1.1.conv3,5,0.5,0.9522 (0.9629),76.1719 (76.0140),93.3594 (92.9640)
7,layer1.1.conv3,6,0.6,0.9874 (0.9632),74.6094 (76.0000),92.5781 (92.9500)
7,layer1.1.conv3,6,0.6,0.9529 (0.9632),76.1719 (76.0000),93.3594 (92.9500)
7,layer1.1.conv3,7,0.7000000000000001,0.9583 (25499275619099.0938),75.3906 (75.9480),93.3594 (92.8880)
7,layer1.1.conv3,7,0.7000000000000001,0.9939 (25499275619099.0938),75.0000 (75.9480),92.9688 (92.8880)
7,layer1.1.conv3,8,0.7999999999999999,0.9567 (0.9693),75.3906 (75.9120),93.3594 (92.8420)
7,layer1.1.conv3,8,0.7999999999999999,0.9962 (0.9693),74.6094 (75.9120),92.5781 (92.8420)
7,layer1.1.conv3,9,0.9,1.0082 (0.9803),75.0000 (75.5720),92.1875 (92.6480)
7,layer1.1.conv3,9,0.9,0.9727 (0.9803),75.7812 (75.5720),92.9688 (92.6480)
8,layer1.2.conv1,1,0.09999999999999999,0.9865 (0.9626),75.0000 (76.0200),92.5781 (92.9360)
8,layer1.2.conv1,1,0.09999999999999999,0.9508 (0.9626),76.1719 (76.0200),93.3594 (92.9360)
8,layer1.2.conv1,2,0.19999999999999998,0.9510 (0.9626),76.1719 (76.0260),93.3594 (92.9300)
8,layer1.2.conv1,2,0.19999999999999998,0.9858 (0.9626),75.0000 (76.0260),92.5781 (92.9300)
8,layer1.2.conv1,3,0.3,0.9509 (0.9628),75.7812 (76.0220),93.3594 (92.9180)
8,layer1.2.conv1,3,0.3,0.9845 (0.9628),75.0000 (76.0220),92.9688 (92.9180)
8,layer1.2.conv1,4,0.39999999999999997,0.9515 (0.9633),76.1719 (76.0080),92.9688 (92.9300)
8,layer1.2.conv1,4,0.39999999999999997,0.9842 (0.9633),74.2188 (76.0080),92.5781 (92.9300)
8,layer1.2.conv1,5,0.5,0.9817 (0.9641),74.6094 (75.9700),92.5781 (92.9420)
8,layer1.2.conv1,5,0.5,0.9555 (0.9641),76.1719 (75.9700),93.3594 (92.9420)
8,layer1.2.conv1,6,0.6,0.9553 (0.9657),76.1719 (75.9260),92.9688 (92.8280)
8,layer1.2.conv1,6,0.6,0.9807 (0.9657),74.4048 (75.9260),92.5781 (92.8280)
8,layer1.2.conv1,7,0.7000000000000001,0.9810 (0.9717),73.8281 (75.7000),92.1875 (92.7820)
8,layer1.2.conv1,7,0.7000000000000001,0.9608 (0.9717),75.7812 (75.7000),92.9688 (92.7820)
8,layer1.2.conv1,8,0.7999999999999999,1.0104 (1.0027),74.2188 (75.0500),91.0714 (92.4200)
8,layer1.2.conv1,8,0.7999999999999999,0.9887 (1.0027),74.2188 (75.0500),92.9688 (92.4200)
8,layer1.2.conv1,9,0.9,1.1571 (1.1486),71.0938 (71.7340),91.0156 (90.4920)
8,layer1.2.conv1,9,0.9,1.1857 (1.1486),70.7031 (71.7340),89.4531 (90.4920)
9,layer1.2.conv2,1,0.09999999999999999,0.9511 (0.9627),76.1719 (76.0020),93.3594 (92.9380)
9,layer1.2.conv2,1,0.09999999999999999,0.9873 (0.9627),75.0000 (76.0020),92.5781 (92.9380)
9,layer1.2.conv2,2,0.19999999999999998,0.9529 (0.9626),75.7812 (76.0000),93.3594 (92.9360)
9,layer1.2.conv2,2,0.19999999999999998,0.9872 (0.9626),74.6094 (76.0000),92.5781 (92.9360)
9,layer1.2.conv2,3,0.3,0.9874 (26733626759043.5859),74.6094 (76.0000),92.9688 (92.9380)
9,layer1.2.conv2,3,0.3,0.9497 (26733626759043.5859),75.7812 (76.0000),93.3594 (92.9380)
9,layer1.2.conv2,4,0.39999999999999997,0.9502 (0.9631),76.1719 (76.0460),93.3594 (92.9400)
9,layer1.2.conv2,4,0.39999999999999997,0.9918 (0.9631),75.0000 (76.0460),92.9688 (92.9400)
9,layer1.2.conv2,5,0.5,0.9591 (0.9636),75.3906 (76.0280),93.3594 (92.9220)
9,layer1.2.conv2,5,0.5,0.9893 (0.9636),75.0000 (76.0280),92.9688 (92.9220)
9,layer1.2.conv2,6,0.6,0.9945 (0.9666),74.4048 (75.9380),92.5781 (92.8580)
9,layer1.2.conv2,6,0.6,0.9599 (0.9666),75.3906 (75.9380),92.9688 (92.8580)
9,layer1.2.conv2,7,0.7000000000000001,0.9607 (0.9726),76.1719 (75.7620),92.9688 (92.7520)
9,layer1.2.conv2,7,0.7000000000000001,1.0120 (0.9726),75.0000 (75.7620),92.1875 (92.7520)
9,layer1.2.conv2,8,0.7999999999999999,0.9710 (0.9926),75.3906 (75.2600),92.9688 (92.4660)
9,layer1.2.conv2,8,0.7999999999999999,1.0405 (0.9926),73.8095 (75.2600),91.6667 (92.4660)
9,layer1.2.conv2,9,0.9,1.0567 (1.0301),72.6562 (74.4380),91.0156 (92.0280)
9,layer1.2.conv2,9,0.9,1.0253 (1.0301),74.2188 (74.4380),92.5781 (92.0280)
10,layer1.2.conv3,1,0.09999999999999999,0.9510 (0.9626),76.1719 (76.0120),93.3594 (92.9380)
10,layer1.2.conv3,1,0.09999999999999999,0.9864 (0.9626),75.0000 (76.0120),92.5781 (92.9380)
10,layer1.2.conv3,2,0.19999999999999998,0.9514 (0.9626),76.1719 (76.0140),93.3594 (92.9360)
10,layer1.2.conv3,2,0.19999999999999998,0.9861 (0.9626),75.0000 (76.0140),92.5781 (92.9360)
10,layer1.2.conv3,3,0.3,0.9508 (0.9626),76.1719 (76.0100),93.3594 (92.9440)
10,layer1.2.conv3,3,0.3,0.9857 (0.9626),75.0000 (76.0100),92.5781 (92.9440)
10,layer1.2.conv3,4,0.39999999999999997,0.9862 (0.9626),75.0000 (76.0200),92.5781 (92.9580)
10,layer1.2.conv3,4,0.39999999999999997,0.9510 (0.9626),76.1719 (76.0200),93.3594 (92.9580)
10,layer1.2.conv3,5,0.5,0.9853 (0.9626),75.0000 (76.0160),92.5781 (92.9280)
10,layer1.2.conv3,5,0.5,0.9504 (0.9626),76.1719 (76.0160),92.9688 (92.9280)
10,layer1.2.conv3,6,0.6,0.9887 (0.9629),75.0000 (75.9920),92.5781 (92.9240)
10,layer1.2.conv3,6,0.6,0.9491 (0.9629),76.1719 (75.9920),93.3594 (92.9240)
10,layer1.2.conv3,7,0.7000000000000001,0.9916 (0.9635),75.0000 (75.9640),92.9688 (92.9140)
10,layer1.2.conv3,7,0.7000000000000001,0.9560 (0.9635),75.7812 (75.9640),93.3594 (92.9140)
10,layer1.2.conv3,8,0.7999999999999999,0.9626 (0.9670),75.7812 (75.9220),92.9688 (92.8600)
10,layer1.2.conv3,8,0.7999999999999999,0.9976 (0.9670),75.0000 (75.9220),92.9688 (92.8600)
10,layer1.2.conv3,9,0.9,1.0195 (0.9908),74.6094 (75.4040),92.1875 (92.5620)
10,layer1.2.conv3,9,0.9,0.9879 (0.9908),75.0000 (75.4040),92.5781 (92.5620)
11,layer2.0.conv1,1,0.09999999999999999,0.9875 (0.9627),75.0000 (76.0340),92.5781 (92.9380)
11,layer2.0.conv1,1,0.09999999999999999,0.9514 (0.9627),76.1719 (76.0340),93.3594 (92.9380)
11,layer2.0.conv1,2,0.19999999999999998,0.9926 (0.9630),75.0000 (76.0300),92.5781 (92.9300)
11,layer2.0.conv1,2,0.19999999999999998,0.9520 (0.9630),76.1719 (76.0300),93.3594 (92.9300)
11,layer2.0.conv1,3,0.3,0.9533 (0.9644),75.7812 (75.9640),93.3594 (92.9200)
11,layer2.0.conv1,3,0.3,0.9976 (0.9644),74.6094 (75.9640),92.5781 (92.9200)
11,layer2.0.conv1,4,0.39999999999999997,0.9973 (0.9669),74.2188 (75.9180),92.5781 (92.8660)
11,layer2.0.conv1,4,0.39999999999999997,0.9560 (0.9669),76.1719 (75.9180),93.3594 (92.8660)
11,layer2.0.conv1,5,0.5,1.0070 (0.9713),74.6094 (75.8580),92.5781 (92.8520)
11,layer2.0.conv1,5,0.5,0.9592 (0.9713),76.1719 (75.8580),92.9688 (92.8520)
11,layer2.0.conv1,6,0.6,1.0070 (0.9812),74.2188 (75.6340),92.5781 (92.7120)
11,layer2.0.conv1,6,0.6,0.9670 (0.9812),76.5625 (75.6340),93.3594 (92.7120)
11,layer2.0.conv1,7,0.7000000000000001,1.0259 (1.0008),74.6094 (75.2400),92.1875 (92.4220)
11,layer2.0.conv1,7,0.7000000000000001,0.9905 (1.0008),76.1719 (75.2400),92.9688 (92.4220)
11,layer2.0.conv1,8,0.7999999999999999,1.0996 (1.1153),73.8281 (72.4820),91.4062 (91.0880)
11,layer2.0.conv1,8,0.7999999999999999,1.1523 (1.1153),71.8750 (72.4820),89.8438 (91.0880)
11,layer2.0.conv1,9,0.9,2.3758 (2.3196),50.7812 (51.4440),73.4375 (74.4760)
11,layer2.0.conv1,9,0.9,2.3061 (2.3196),48.8281 (51.4440),73.0469 (74.4760)
12,layer2.0.conv2,1,0.09999999999999999,0.9869 (0.9627),75.0000 (76.0120),92.5781 (92.9380)
12,layer2.0.conv2,1,0.09999999999999999,0.9514 (0.9627),76.1719 (76.0120),93.3594 (92.9380)
12,layer2.0.conv2,2,0.19999999999999998,0.9861 (0.9627),75.0000 (76.0200),92.9688 (92.9340)
12,layer2.0.conv2,2,0.19999999999999998,0.9538 (0.9627),76.1719 (76.0200),93.3594 (92.9340)
12,layer2.0.conv2,3,0.3,0.9564 (0.9632),76.1719 (76.0400),93.3594 (92.9240)
12,layer2.0.conv2,3,0.3,0.9845 (0.9632),74.6094 (76.0400),92.9688 (92.9240)
12,layer2.0.conv2,4,0.39999999999999997,0.9859 (0.9638),75.0000 (75.9820),92.9688 (92.9020)
12,layer2.0.conv2,4,0.39999999999999997,0.9599 (0.9638),76.1719 (75.9820),93.3594 (92.9020)
12,layer2.0.conv2,5,0.5,0.9880 (0.9659),74.6094 (75.9280),92.9688 (92.8980)
12,layer2.0.conv2,5,0.5,0.9552 (0.9659),76.1719 (75.9280),92.9688 (92.8980)
12,layer2.0.conv2,6,0.6,0.9557 (0.9726),75.7812 (75.8240),93.3594 (92.8020)
12,layer2.0.conv2,6,0.6,0.9900 (0.9726),75.0000 (75.8240),92.5781 (92.8020)
12,layer2.0.conv2,7,0.7000000000000001,0.9701 (0.9885),75.3906 (75.4000),92.5781 (92.5800)
12,layer2.0.conv2,7,0.7000000000000001,1.0161 (0.9885),73.8281 (75.4000),92.5781 (92.5800)
12,layer2.0.conv2,8,0.7999999999999999,1.0633 (1.0341),73.4375 (74.4500),92.1875 (92.0780)
12,layer2.0.conv2,8,0.7999999999999999,1.0109 (1.0341),74.6094 (74.4500),92.1875 (92.0780)
12,layer2.0.conv2,9,0.9,1.1786 (1.1682),69.9219 (71.4900),89.8438 (90.3520)
12,layer2.0.conv2,9,0.9,1.1493 (1.1682),71.8750 (71.4900),90.6250 (90.3520)
13,layer2.0.conv3,1,0.09999999999999999,0.9510 (0.9626),76.1719 (76.0120),93.3594 (92.9340)
13,layer2.0.conv3,1,0.09999999999999999,0.9865 (0.9626),75.0000 (76.0120),92.5781 (92.9340)
13,layer2.0.conv3,2,0.19999999999999998,0.9861 (0.9626),75.0000 (76.0040),92.5781 (92.9340)
13,layer2.0.conv3,2,0.19999999999999998,0.9507 (0.9626),76.1719 (76.0040),93.3594 (92.9340)
13,layer2.0.conv3,3,0.3,0.9867 (0.9627),75.0000 (76.0100),92.5781 (92.9180)
13,layer2.0.conv3,3,0.3,0.9497 (0.9627),76.1719 (76.0100),93.3594 (92.9180)
13,layer2.0.conv3,4,0.39999999999999997,0.9871 (0.9627),75.0000 (76.0240),92.5781 (92.9500)
13,layer2.0.conv3,4,0.39999999999999997,0.9507 (0.9627),75.7812 (76.0240),93.3594 (92.9500)
13,layer2.0.conv3,5,0.5,0.9871 (0.9632),75.0000 (76.0280),92.9688 (92.9400)
13,layer2.0.conv3,5,0.5,0.9520 (0.9632),76.5625 (76.0280),93.3594 (92.9400)
13,layer2.0.conv3,6,0.6,0.9513 (0.9642),76.5625 (75.9280),93.3594 (92.9000)
13,layer2.0.conv3,6,0.6,0.9897 (0.9642),75.0000 (75.9280),92.5781 (92.9000)
13,layer2.0.conv3,7,0.7000000000000001,0.9564 (0.9677),75.3906 (75.8900),92.9688 (92.8700)
13,layer2.0.conv3,7,0.7000000000000001,0.9947 (0.9677),75.0000 (75.8900),92.9688 (92.8700)
13,layer2.0.conv3,8,0.7999999999999999,0.9757 (0.9774),76.1719 (75.6840),92.5781 (92.7200)
13,layer2.0.conv3,8,0.7999999999999999,0.9953 (0.9774),74.2188 (75.6840),92.5781 (92.7200)
13,layer2.0.conv3,9,0.9,1.0281 (1.0342),74.6094 (74.3340),91.7969 (91.9760)
13,layer2.0.conv3,9,0.9,1.0479 (1.0342),73.0469 (74.3340),91.7969 (91.9760)
14,layer2.0.downsample.0,1,0.09999999999999999,0.9510 (0.9626),76.1719 (76.0120),93.3594 (92.9340)
14,layer2.0.downsample.0,1,0.09999999999999999,0.9865 (0.9626),75.0000 (76.0120),92.5781 (92.9340)
14,layer2.0.downsample.0,2,0.19999999999999998,0.9865 (0.9626),75.0000 (76.0100),92.5781 (92.9360)
14,layer2.0.downsample.0,2,0.19999999999999998,0.9509 (0.9626),76.1719 (76.0100),93.3594 (92.9360)
14,layer2.0.downsample.0,3,0.3,0.9861 (0.9625),75.0000 (76.0180),92.5781 (92.9560)
14,layer2.0.downsample.0,3,0.3,0.9507 (0.9625),76.1719 (76.0180),93.3594 (92.9560)
14,layer2.0.downsample.0,4,0.39999999999999997,0.9892 (0.9629),75.0000 (75.9920),92.9688 (92.9620)
14,layer2.0.downsample.0,4,0.39999999999999997,0.9497 (0.9629),75.7812 (75.9920),93.3594 (92.9620)
14,layer2.0.downsample.0,5,0.5,0.9906 (0.9634),75.0000 (75.9600),92.9688 (92.8600)
14,layer2.0.downsample.0,5,0.5,0.9557 (0.9634),75.7812 (75.9600),93.3594 (92.8600)
14,layer2.0.downsample.0,6,0.6,0.9560 (0.9646),75.3906 (75.9120),93.3594 (92.8760)
14,layer2.0.downsample.0,6,0.6,0.9899 (0.9646),75.0000 (75.9120),92.9688 (92.8760)
14,layer2.0.downsample.0,7,0.7000000000000001,0.9901 (0.9674),74.6094 (75.8900),92.5781 (92.8160)
14,layer2.0.downsample.0,7,0.7000000000000001,0.9523 (0.9674),75.7812 (75.8900),93.3594 (92.8160)
14,layer2.0.downsample.0,8,0.7999999999999999,0.9603 (0.9709),74.6094 (75.6840),92.9688 (92.7900)
14,layer2.0.downsample.0,8,0.7999999999999999,0.9962 (0.9709),74.2188 (75.6840),93.3594 (92.7900)
14,layer2.0.downsample.0,9,0.9,0.9843 (0.9995),74.2188 (75.0240),92.5781 (92.4220)
14,layer2.0.downsample.0,9,0.9,1.0227 (0.9995),73.8281 (75.0240),92.1875 (92.4220)
15,layer2.1.conv1,1,0.09999999999999999,0.9510 (0.9626),76.1719 (76.0120),93.3594 (92.9340)
15,layer2.1.conv1,1,0.09999999999999999,0.9865 (0.9626),75.0000 (76.0120),92.5781 (92.9340)
15,layer2.1.conv1,2,0.19999999999999998,0.9511 (26664367672258.2773),76.1719 (76.0100),93.3594 (92.9320)
15,layer2.1.conv1,2,0.19999999999999998,0.9865 (26664367672258.2773),75.0000 (76.0100),92.5781 (92.9320)
15,layer2.1.conv1,3,0.3,0.9866 (0.9626),75.0000 (75.9960),92.5781 (92.9360)
15,layer2.1.conv1,3,0.3,0.9508 (0.9626),76.1719 (75.9960),93.3594 (92.9360)
15,layer2.1.conv1,4,0.39999999999999997,0.9514 (0.9627),76.1719 (76.0120),93.3594 (92.9380)
15,layer2.1.conv1,4,0.39999999999999997,0.9869 (0.9627),74.6094 (76.0120),92.5781 (92.9380)
15,layer2.1.conv1,5,0.5,0.9875 (0.9626),75.0000 (75.9920),92.5781 (92.9340)
15,layer2.1.conv1,5,0.5,0.9519 (0.9626),76.1719 (75.9920),93.3594 (92.9340)
15,layer2.1.conv1,6,0.6,0.9881 (0.9627),74.6094 (75.9620),92.5781 (92.9740)
15,layer2.1.conv1,6,0.6,0.9513 (0.9627),76.1719 (75.9620),93.3594 (92.9740)
15,layer2.1.conv1,7,0.7000000000000001,0.9526 (0.9632),76.1719 (75.9820),93.3594 (92.9840)
15,layer2.1.conv1,7,0.7000000000000001,0.9902 (0.9632),74.6094 (75.9820),92.5781 (92.9840)
15,layer2.1.conv1,8,0.7999999999999999,0.9931 (0.9635),74.6094 (76.0100),92.5781 (92.9760)
15,layer2.1.conv1,8,0.7999999999999999,0.9549 (0.9635),75.7812 (76.0100),93.3594 (92.9760)
15,layer2.1.conv1,9,0.9,0.9690 (0.9676),75.3906 (75.8740),93.3594 (92.9360)
15,layer2.1.conv1,9,0.9,0.9986 (0.9676),74.6094 (75.8740),92.5781 (92.9360)
16,layer2.1.conv2,1,0.09999999999999999,0.9864 (0.9626),75.0000 (76.0240),92.5781 (92.9340)
16,layer2.1.conv2,1,0.09999999999999999,0.9511 (0.9626),76.1719 (76.0240),93.3594 (92.9340)
16,layer2.1.conv2,2,0.19999999999999998,0.9511 (0.9627),76.1719 (76.0220),93.3594 (92.9480)
16,layer2.1.conv2,2,0.19999999999999998,0.9862 (0.9627),75.0000 (76.0220),92.5781 (92.9480)
16,layer2.1.conv2,3,0.3,0.9850 (0.9628),75.0000 (76.0260),92.5781 (92.9140)
16,layer2.1.conv2,3,0.3,0.9527 (0.9628),75.7812 (76.0260),93.3594 (92.9140)
16,layer2.1.conv2,4,0.39999999999999997,0.9562 (0.9630),75.7812 (76.0140),93.3594 (92.9300)
16,layer2.1.conv2,4,0.39999999999999997,0.9844 (0.9630),74.6094 (76.0140),92.5781 (92.9300)
16,layer2.1.conv2,5,0.5,0.9605 (0.9644),75.7812 (76.0120),93.3594 (92.9100)
16,layer2.1.conv2,5,0.5,0.9824 (0.9644),75.0000 (76.0120),92.5781 (92.9100)
16,layer2.1.conv2,6,0.6,0.9893 (0.9671),75.0000 (75.9720),92.5781 (92.8220)
16,layer2.1.conv2,6,0.6,0.9651 (0.9671),76.1719 (75.9720),93.3594 (92.8220)
16,layer2.1.conv2,7,0.7000000000000001,1.0024 (0.9760),75.0000 (75.7520),92.5781 (92.6960)
16,layer2.1.conv2,7,0.7000000000000001,0.9794 (0.9760),75.3906 (75.7520),92.9688 (92.6960)
16,layer2.1.conv2,8,0.7999999999999999,0.9976 (0.9898),74.6094 (75.3880),92.5781 (92.5380)
16,layer2.1.conv2,8,0.7999999999999999,1.0183 (0.9898),74.2188 (75.3880),91.7969 (92.5380)
16,layer2.1.conv2,9,0.9,1.0656 (1.0621),73.4375 (73.5600),91.4062 (91.7600)
16,layer2.1.conv2,9,0.9,1.0710 (1.0621),72.6562 (73.5600),91.4062 (91.7600)
17,layer2.1.conv3,1,0.09999999999999999,0.9510 (0.9627),76.1719 (76.0200),93.3594 (92.9340)
17,layer2.1.conv3,1,0.09999999999999999,0.9864 (0.9627),75.0000 (76.0200),92.5781 (92.9340)
17,layer2.1.conv3,2,0.19999999999999998,0.9863 (0.9626),75.0000 (76.0060),92.5781 (92.9400)
17,layer2.1.conv3,2,0.19999999999999998,0.9511 (0.9626),76.1719 (76.0060),93.3594 (92.9400)
17,layer2.1.conv3,3,0.3,0.9861 (0.9626),75.0000 (76.0120),92.5781 (92.9420)
17,layer2.1.conv3,3,0.3,0.9513 (0.9626),76.1719 (76.0120),93.3594 (92.9420)
17,layer2.1.conv3,4,0.39999999999999997,0.9865 (0.9625),75.0000 (75.9880),92.5781 (92.9420)
17,layer2.1.conv3,4,0.39999999999999997,0.9504 (0.9625),76.1719 (75.9880),93.3594 (92.9420)
17,layer2.1.conv3,5,0.5,0.9499 (0.9625),76.1719 (75.9940),93.3594 (92.9460)
17,layer2.1.conv3,5,0.5,0.9885 (0.9625),74.6094 (75.9940),92.5781 (92.9460)
17,layer2.1.conv3,6,0.6,0.9888 (0.9621),74.6094 (76.0180),92.5781 (92.9080)
17,layer2.1.conv3,6,0.6,0.9499 (0.9621),75.7812 (76.0180),93.3594 (92.9080)
17,layer2.1.conv3,7,0.7000000000000001,0.9923 (0.9623),74.4048 (76.0220),92.5781 (92.9640)
17,layer2.1.conv3,7,0.7000000000000001,0.9503 (0.9623),76.1719 (76.0220),93.3594 (92.9640)
17,layer2.1.conv3,8,0.7999999999999999,0.9523 (26096308942890.7695),76.5625 (76.0140),93.3594 (92.8960)
17,layer2.1.conv3,8,0.7999999999999999,0.9945 (26096308942890.7695),74.6094 (76.0140),92.5781 (92.8960)
17,layer2.1.conv3,9,0.9,1.0044 (0.9739),75.0000 (75.6960),92.5781 (92.7700)
17,layer2.1.conv3,9,0.9,0.9582 (0.9739),76.1719 (75.6960),92.9688 (92.7700)
18,layer2.2.conv1,1,0.09999999999999999,0.9511 (0.9626),76.1719 (76.0180),93.3594 (92.9360)
18,layer2.2.conv1,1,0.09999999999999999,0.9864 (0.9626),75.0000 (76.0180),92.5781 (92.9360)
18,layer2.2.conv1,2,0.19999999999999998,0.9520 (0.9626),76.1719 (76.0080),93.3594 (92.9560)
18,layer2.2.conv1,2,0.19999999999999998,0.9858 (0.9626),75.0000 (76.0080),92.5781 (92.9560)
18,layer2.2.conv1,3,0.3,0.9868 (0.9628),75.0000 (75.9880),92.5781 (92.9420)
18,layer2.2.conv1,3,0.3,0.9518 (0.9628),76.1719 (75.9880),93.3594 (92.9420)
18,layer2.2.conv1,4,0.39999999999999997,0.9507 (0.9631),75.7812 (75.9900),93.3594 (92.9640)
18,layer2.2.conv1,4,0.39999999999999997,0.9850 (0.9631),75.0000 (75.9900),92.9688 (92.9640)
18,layer2.2.conv1,5,0.5,0.9845 (0.9641),74.6094 (76.0260),92.9688 (92.9580)
18,layer2.2.conv1,5,0.5,0.9542 (0.9641),76.1719 (76.0260),92.9688 (92.9580)
18,layer2.2.conv1,6,0.6,0.9539 (0.9660),76.1719 (76.0020),93.3594 (92.9160)
18,layer2.2.conv1,6,0.6,0.9870 (0.9660),74.2188 (76.0020),92.5781 (92.9160)
18,layer2.2.conv1,7,0.7000000000000001,0.9659 (0.9685),75.7812 (75.9460),92.9688 (92.8640)
18,layer2.2.conv1,7,0.7000000000000001,0.9911 (0.9685),75.3906 (75.9460),92.9688 (92.8640)
18,layer2.2.conv1,8,0.7999999999999999,0.9978 (0.9754),75.0000 (75.7680),92.8571 (92.7220)
18,layer2.2.conv1,8,0.7999999999999999,0.9660 (0.9754),75.3906 (75.7680),92.9688 (92.7220)
18,layer2.2.conv1,9,0.9,0.9999 (1.0012),74.6094 (75.0240),92.1875 (92.3200)
18,layer2.2.conv1,9,0.9,0.9907 (1.0012),75.0000 (75.0240),92.5781 (92.3200)
19,layer2.2.conv2,1,0.09999999999999999,0.9507 (0.9626),76.1719 (76.0120),93.3594 (92.9400)
19,layer2.2.conv2,1,0.09999999999999999,0.9864 (0.9626),75.0000 (76.0120),92.5781 (92.9400)
19,layer2.2.conv2,2,0.19999999999999998,0.9510 (0.9629),76.1719 (75.9800),93.3594 (92.9360)
19,layer2.2.conv2,2,0.19999999999999998,0.9866 (0.9629),75.0000 (75.9800),92.9688 (92.9360)
19,layer2.2.conv2,3,0.3,0.9856 (0.9627),75.0000 (75.9920),92.9688 (92.9500)
19,layer2.2.conv2,3,0.3,0.9514 (0.9627),76.1719 (75.9920),93.3594 (92.9500)
19,layer2.2.conv2,4,0.39999999999999997,0.9524 (0.9639),76.1719 (75.9920),93.3594 (92.9280)
19,layer2.2.conv2,4,0.39999999999999997,0.9875 (0.9639),75.0000 (75.9920),93.3594 (92.9280)
19,layer2.2.conv2,5,0.5,0.9570 (0.9650),76.1719 (75.9780),93.3594 (92.9040)
19,layer2.2.conv2,5,0.5,0.9869 (0.9650),74.6094 (75.9780),93.3594 (92.9040)
19,layer2.2.conv2,6,0.6,0.9875 (0.9672),74.6094 (75.9300),92.9688 (92.8220)
19,layer2.2.conv2,6,0.6,0.9621 (0.9672),75.7812 (75.9300),93.3594 (92.8220)
19,layer2.2.conv2,7,0.7000000000000001,0.9644 (0.9732),75.7812 (75.7700),92.9688 (92.7780)
19,layer2.2.conv2,7,0.7000000000000001,0.9925 (0.9732),75.0000 (75.7700),92.9688 (92.7780)
19,layer2.2.conv2,8,0.7999999999999999,0.9792 (0.9840),75.7812 (75.4440),92.9688 (92.6180)
19,layer2.2.conv2,8,0.7999999999999999,1.0039 (0.9840),74.2188 (75.4440),92.1875 (92.6180)
19,layer2.2.conv2,9,0.9,1.0375 (1.0257),73.4375 (74.5560),92.1875 (92.0840)
19,layer2.2.conv2,9,0.9,1.0364 (1.0257),74.2188 (74.5560),92.5781 (92.0840)
20,layer2.2.conv3,1,0.09999999999999999,0.9510 (0.9626),75.7812 (75.9980),93.3594 (92.9320)
20,layer2.2.conv3,1,0.09999999999999999,0.9864 (0.9626),75.0000 (75.9980),92.5781 (92.9320)
20,layer2.2.conv3,2,0.19999999999999998,0.9860 (0.9627),74.6094 (76.0060),92.9688 (92.9320)
20,layer2.2.conv3,2,0.19999999999999998,0.9513 (0.9627),76.1719 (76.0060),93.3594 (92.9320)
20,layer2.2.conv3,3,0.3,0.9817 (0.9628),74.6094 (75.9900),92.5781 (92.9300)
20,layer2.2.conv3,3,0.3,0.9517 (0.9628),76.1719 (75.9900),93.3594 (92.9300)
20,layer2.2.conv3,4,0.39999999999999997,0.9509 (0.9634),76.1719 (76.0140),93.3594 (92.9240)
20,layer2.2.conv3,4,0.39999999999999997,0.9807 (0.9634),74.6094 (76.0140),92.9688 (92.9240)
20,layer2.2.conv3,5,0.5,0.9833 (0.9648),74.6094 (76.0400),92.9688 (92.8980)
20,layer2.2.conv3,5,0.5,0.9522 (0.9648),76.1719 (76.0400),93.3594 (92.8980)
20,layer2.2.conv3,6,0.6,0.9550 (0.9664),75.3906 (75.9460),93.3594 (92.8840)
20,layer2.2.conv3,6,0.6,0.9896 (0.9664),74.4048 (75.9460),92.9688 (92.8840)
20,layer2.2.conv3,7,0.7000000000000001,0.9551 (0.9709),75.7812 (75.8920),92.9688 (92.8520)
20,layer2.2.conv3,7,0.7000000000000001,1.0013 (0.9709),75.0000 (75.8920),92.9688 (92.8520)
20,layer2.2.conv3,8,0.7999999999999999,0.9733 (0.9804),75.3906 (75.6120),92.5781 (92.7180)
20,layer2.2.conv3,8,0.7999999999999999,1.0106 (0.9804),74.2188 (75.6120),92.5781 (92.7180)
20,layer2.2.conv3,9,0.9,1.0003 (1.0083),75.3906 (74.9100),92.5781 (92.3800)
20,layer2.2.conv3,9,0.9,1.0395 (1.0083),73.8281 (74.9100),92.5781 (92.3800)
21,layer2.3.conv1,1,0.09999999999999999,0.9867 (0.9627),75.0000 (76.0160),92.5781 (92.9360)
21,layer2.3.conv1,1,0.09999999999999999,0.9511 (0.9627),76.1719 (76.0160),93.3594 (92.9360)
21,layer2.3.conv1,2,0.19999999999999998,0.9870 (0.9629),74.6094 (76.0080),92.5781 (92.9320)
21,layer2.3.conv1,2,0.19999999999999998,0.9509 (0.9629),76.1719 (76.0080),93.3594 (92.9320)
21,layer2.3.conv1,3,0.3,0.9498 (0.9631),76.1719 (75.9960),93.3594 (92.9160)
21,layer2.3.conv1,3,0.3,0.9863 (0.9631),74.4048 (75.9960),92.5781 (92.9160)
21,layer2.3.conv1,4,0.39999999999999997,0.9868 (0.9637),74.4048 (75.9960),92.5781 (92.8880)
21,layer2.3.conv1,4,0.39999999999999997,0.9506 (0.9637),75.7812 (75.9960),92.9688 (92.8880)
21,layer2.3.conv1,5,0.5,0.9851 (0.9643),74.6094 (75.9760),92.5781 (92.8820)
21,layer2.3.conv1,5,0.5,0.9526 (0.9643),75.7812 (75.9760),93.3594 (92.8820)
21,layer2.3.conv1,6,0.6,0.9910 (0.9661),74.6094 (75.9760),92.5781 (92.8760)
21,layer2.3.conv1,6,0.6,0.9498 (0.9661),75.7812 (75.9760),92.9688 (92.8760)
21,layer2.3.conv1,7,0.7000000000000001,0.9598 (0.9739),75.0000 (75.8200),92.9688 (92.7580)
21,layer2.3.conv1,7,0.7000000000000001,1.0061 (0.9739),75.0000 (75.8200),92.1875 (92.7580)
21,layer2.3.conv1,8,0.7999999999999999,0.9696 (0.9857),75.3906 (75.6100),92.9688 (92.6200)
21,layer2.3.conv1,8,0.7999999999999999,1.0243 (0.9857),75.3906 (75.6100),92.1875 (92.6200)
21,layer2.3.conv1,9,0.9,1.0101 (1.0238),75.0000 (74.6540),92.9688 (92.2100)
21,layer2.3.conv1,9,0.9,1.0568 (1.0238),73.4375 (74.6540),91.4062 (92.2100)
22,layer2.3.conv2,1,0.09999999999999999,0.9514 (0.9627),76.1719 (75.9940),93.3594 (92.9460)
22,layer2.3.conv2,1,0.09999999999999999,0.9867 (0.9627),75.0000 (75.9940),92.5781 (92.9460)
22,layer2.3.conv2,2,0.19999999999999998,0.9879 (0.9630),75.0000 (75.9880),92.9688 (92.9580)
22,layer2.3.conv2,2,0.19999999999999998,0.9518 (0.9630),76.1719 (75.9880),93.3594 (92.9580)
22,layer2.3.conv2,3,0.3,0.9555 (0.9628),75.7812 (75.9820),93.3594 (92.9280)
22,layer2.3.conv2,3,0.3,0.9878 (0.9628),75.0000 (75.9820),92.9688 (92.9280)
22,layer2.3.conv2,4,0.39999999999999997,0.9561 (0.9637),75.7812 (75.9900),93.3594 (92.9460)
22,layer2.3.conv2,4,0.39999999999999997,0.9906 (0.9637),75.0000 (75.9900),92.5781 (92.9460)
22,layer2.3.conv2,5,0.5,0.9596 (0.9664),75.7812 (75.9440),93.3594 (92.8660)
22,layer2.3.conv2,5,0.5,0.9924 (0.9664),75.0000 (75.9440),93.3594 (92.8660)
22,layer2.3.conv2,6,0.6,0.9759 (0.9718),75.7812 (75.8620),93.3594 (92.7740)
22,layer2.3.conv2,6,0.6,0.9960 (0.9718),75.0000 (75.8620),92.9688 (92.7740)
22,layer2.3.conv2,7,0.7000000000000001,0.9911 (0.9774),75.0000 (75.7000),92.5781 (92.7020)
22,layer2.3.conv2,7,0.7000000000000001,0.9860 (0.9774),75.3906 (75.7000),92.9688 (92.7020)
22,layer2.3.conv2,8,0.7999999999999999,1.0043 (0.9960),74.2188 (75.2280),92.1875 (92.3880)
22,layer2.3.conv2,8,0.7999999999999999,0.9910 (0.9960),74.6094 (75.2280),92.1875 (92.3880)
22,layer2.3.conv2,9,0.9,1.0453 (1.0181),73.8281 (74.7460),91.7969 (92.1580)
22,layer2.3.conv2,9,0.9,1.0164 (1.0181),73.8281 (74.7460),91.7969 (92.1580)
23,layer2.3.conv3,1,0.09999999999999999,0.9509 (0.9626),76.1719 (75.9960),93.3594 (92.9380)
23,layer2.3.conv3,1,0.09999999999999999,0.9862 (0.9626),75.0000 (75.9960),92.5781 (92.9380)
23,layer2.3.conv3,2,0.19999999999999998,0.9862 (0.9627),75.0000 (76.0140),92.5781 (92.9360)
23,layer2.3.conv3,2,0.19999999999999998,0.9517 (0.9627),76.1719 (76.0140),93.3594 (92.9360)
23,layer2.3.conv3,3,0.3,0.9532 (0.9627),75.7812 (76.0060),93.3594 (92.9540)
23,layer2.3.conv3,3,0.3,0.9864 (0.9627),75.0000 (76.0060),92.9688 (92.9540)
23,layer2.3.conv3,4,0.39999999999999997,0.9522 (0.9629),75.7812 (76.0060),93.3594 (92.9120)
23,layer2.3.conv3,4,0.39999999999999997,0.9896 (0.9629),74.6094 (76.0060),92.9688 (92.9120)
23,layer2.3.conv3,5,0.5,0.9875 (0.9630),74.4048 (76.0600),93.3594 (92.9100)
23,layer2.3.conv3,5,0.5,0.9501 (0.9630),76.1719 (76.0600),93.3594 (92.9100)
23,layer2.3.conv3,6,0.6,0.9519 (0.9639),75.7812 (76.0220),93.3594 (92.8820)
23,layer2.3.conv3,6,0.6,0.9878 (0.9639),75.0000 (76.0220),93.3594 (92.8820)
23,layer2.3.conv3,7,0.7000000000000001,0.9899 (0.9663),74.6094 (75.8680),92.5781 (92.8600)
23,layer2.3.conv3,7,0.7000000000000001,0.9433 (0.9663),75.7812 (75.8680),93.3594 (92.8600)
23,layer2.3.conv3,8,0.7999999999999999,0.9619 (0.9754),75.7812 (75.6260),92.9688 (92.7360)
23,layer2.3.conv3,8,0.7999999999999999,1.0075 (0.9754),74.2188 (75.6260),92.1875 (92.7360)
23,layer2.3.conv3,9,0.9,1.0132 (26158101141379.6172),75.7812 (74.6700),92.5781 (92.3520)
23,layer2.3.conv3,9,0.9,1.0379 (26158101141379.6172),73.4375 (74.6700),91.4062 (92.3520)
24,layer3.0.conv1,1,0.09999999999999999,0.9867 (0.9627),75.0000 (76.0200),92.5781 (92.9500)
24,layer3.0.conv1,1,0.09999999999999999,0.9518 (0.9627),76.1719 (76.0200),93.3594 (92.9500)
24,layer3.0.conv1,2,0.19999999999999998,0.9506 (0.9634),75.7812 (75.9920),93.3594 (92.9500)
24,layer3.0.conv1,2,0.19999999999999998,0.9869 (0.9634),75.0000 (75.9920),92.5781 (92.9500)
24,layer3.0.conv1,3,0.3,0.9525 (0.9645),75.7812 (75.9880),93.3594 (92.9300)
24,layer3.0.conv1,3,0.3,0.9855 (0.9645),75.0000 (75.9880),92.5781 (92.9300)
24,layer3.0.conv1,4,0.39999999999999997,0.9665 (0.9705),75.3906 (75.8800),93.3594 (92.8320)
24,layer3.0.conv1,4,0.39999999999999997,0.9909 (0.9705),74.2188 (75.8800),92.5781 (92.8320)
24,layer3.0.conv1,5,0.5,0.9891 (0.9770),74.4048 (75.6760),92.5781 (92.7300)
24,layer3.0.conv1,5,0.5,0.9718 (0.9770),76.1719 (75.6760),93.3594 (92.7300)
24,layer3.0.conv1,6,0.6,1.0045 (0.9849),74.6094 (75.5300),92.5781 (92.6080)
24,layer3.0.conv1,6,0.6,0.9764 (0.9849),75.3906 (75.5300),92.5781 (92.6080)
24,layer3.0.conv1,7,0.7000000000000001,1.0454 (1.0145),73.4375 (74.8700),92.1875 (92.2380)
24,layer3.0.conv1,7,0.7000000000000001,1.0099 (1.0145),74.6094 (74.8700),92.1875 (92.2380)
24,layer3.0.conv1,8,0.7999999999999999,1.0886 (1.0850),73.0469 (73.1660),91.4062 (91.3460)
24,layer3.0.conv1,8,0.7999999999999999,1.1148 (1.0850),72.2656 (73.1660),91.0156 (91.3460)
24,layer3.0.conv1,9,0.9,1.3162 (1.3897),67.1875 (66.5960),87.5000 (87.2860)
24,layer3.0.conv1,9,0.9,1.4297 (1.3897),65.2344 (66.5960),86.3281 (87.2860)
25,layer3.0.conv2,1,0.09999999999999999,0.9511 (0.9627),76.1719 (76.0100),93.3594 (92.9260)
25,layer3.0.conv2,1,0.09999999999999999,0.9863 (0.9627),75.0000 (76.0100),92.5781 (92.9260)
25,layer3.0.conv2,2,0.19999999999999998,0.9857 (0.9628),75.0000 (75.9840),92.5781 (92.9300)
25,layer3.0.conv2,2,0.19999999999999998,0.9500 (0.9628),75.7812 (75.9840),92.9688 (92.9300)
25,layer3.0.conv2,3,0.3,0.9866 (0.9626),75.0000 (75.9680),92.9688 (92.9420)
25,layer3.0.conv2,3,0.3,0.9499 (0.9626),75.7812 (75.9680),93.3594 (92.9420)
25,layer3.0.conv2,4,0.39999999999999997,0.9527 (0.9627),75.7812 (76.0420),93.3594 (92.9380)
25,layer3.0.conv2,4,0.39999999999999997,0.9893 (0.9627),75.0000 (76.0420),92.5781 (92.9380)
25,layer3.0.conv2,5,0.5,0.9970 (27146318881270.5273),74.6094 (76.0540),92.5781 (92.9220)
25,layer3.0.conv2,5,0.5,0.9593 (27146318881270.5273),75.7812 (76.0540),93.3594 (92.9220)
25,layer3.0.conv2,6,0.6,1.0061 (0.9688),75.0000 (75.8440),92.5781 (92.8480)
25,layer3.0.conv2,6,0.6,0.9663 (0.9688),76.1719 (75.8440),92.9688 (92.8480)
25,layer3.0.conv2,7,0.7000000000000001,1.0190 (0.9826),74.6094 (75.5960),92.5781 (92.6280)
25,layer3.0.conv2,7,0.7000000000000001,0.9789 (0.9826),75.7812 (75.5960),92.9688 (92.6280)
25,layer3.0.conv2,8,0.7999999999999999,1.0407 (1.0139),73.8281 (74.6320),91.7969 (92.2940)
25,layer3.0.conv2,8,0.7999999999999999,1.0199 (1.0139),74.6094 (74.6320),92.5781 (92.2940)
25,layer3.0.conv2,9,0.9,1.1497 (1.1340),71.4844 (71.9040),90.6250 (90.6900)
25,layer3.0.conv2,9,0.9,1.1567 (1.1340),71.4844 (71.9040),90.2344 (90.6900)
26,layer3.0.conv3,1,0.09999999999999999,0.9863 (0.9625),75.0000 (76.0200),92.5781 (92.9380)
26,layer3.0.conv3,1,0.09999999999999999,0.9510 (0.9625),76.1719 (76.0200),93.3594 (92.9380)
26,layer3.0.conv3,2,0.19999999999999998,0.9530 (0.9625),76.1719 (75.9920),93.3594 (92.9580)
26,layer3.0.conv3,2,0.19999999999999998,0.9864 (0.9625),75.0000 (75.9920),92.9688 (92.9580)
26,layer3.0.conv3,3,0.3,0.9541 (0.9633),76.1719 (76.0080),93.3594 (92.9360)
26,layer3.0.conv3,3,0.3,0.9869 (0.9633),75.0000 (76.0080),92.9688 (92.9360)
26,layer3.0.conv3,4,0.39999999999999997,0.9605 (0.9628),75.7812 (76.0300),93.3594 (92.9160)
26,layer3.0.conv3,4,0.39999999999999997,0.9874 (0.9628),74.6094 (76.0300),92.9688 (92.9160)
26,layer3.0.conv3,5,0.5,0.9939 (0.9645),74.6094 (75.9200),92.5781 (92.9340)
26,layer3.0.conv3,5,0.5,0.9597 (0.9645),75.7812 (75.9200),93.3594 (92.9340)
26,layer3.0.conv3,6,0.6,1.0000 (0.9706),75.0000 (75.8380),92.5781 (92.7920)
26,layer3.0.conv3,6,0.6,0.9707 (0.9706),76.1719 (75.8380),92.9688 (92.7920)
26,layer3.0.conv3,7,0.7000000000000001,1.0128 (0.9815),75.0000 (75.5800),92.2619 (92.6040)
26,layer3.0.conv3,7,0.7000000000000001,0.9638 (0.9815),75.7812 (75.5800),92.1875 (92.6040)
26,layer3.0.conv3,8,0.7999999999999999,1.0402 (1.0175),73.4375 (74.7440),92.2619 (92.2040)
26,layer3.0.conv3,8,0.7999999999999999,1.0036 (1.0175),74.6094 (74.7440),91.7969 (92.2040)
26,layer3.0.conv3,9,0.9,1.1656 (1.1676),71.4844 (71.1980),90.2344 (90.3600)
26,layer3.0.conv3,9,0.9,1.2105 (1.1676),70.7031 (71.1980),89.0625 (90.3600)
27,layer3.0.downsample.0,1,0.09999999999999999,0.9509 (0.9627),76.1719 (76.0180),93.3594 (92.9300)
27,layer3.0.downsample.0,1,0.09999999999999999,0.9865 (0.9627),75.0000 (76.0180),92.5781 (92.9300)
27,layer3.0.downsample.0,2,0.19999999999999998,0.9516 (0.9629),76.1719 (76.0000),93.3594 (92.9440)
27,layer3.0.downsample.0,2,0.19999999999999998,0.9862 (0.9629),74.6094 (76.0000),92.5781 (92.9440)
27,layer3.0.downsample.0,3,0.3,0.9875 (0.9632),74.6094 (75.9900),92.5781 (92.9460)
27,layer3.0.downsample.0,3,0.3,0.9538 (0.9632),76.1719 (75.9900),93.3594 (92.9460)
27,layer3.0.downsample.0,4,0.39999999999999997,0.9863 (0.9640),74.6094 (75.9620),92.5781 (92.9520)
27,layer3.0.downsample.0,4,0.39999999999999997,0.9533 (0.9640),75.7812 (75.9620),93.3594 (92.9520)
27,layer3.0.downsample.0,5,0.5,0.9872 (0.9644),74.4048 (75.9620),92.9688 (92.9740)
27,layer3.0.downsample.0,5,0.5,0.9624 (0.9644),75.7812 (75.9620),93.3594 (92.9740)
27,layer3.0.downsample.0,6,0.6,0.9863 (0.9656),74.4048 (75.9920),92.5781 (92.8980)
27,layer3.0.downsample.0,6,0.6,0.9646 (0.9656),75.3906 (75.9920),93.3594 (92.8980)
27,layer3.0.downsample.0,7,0.7000000000000001,0.9708 (0.9701),75.7812 (75.8460),93.3594 (92.8660)
27,layer3.0.downsample.0,7,0.7000000000000001,0.9903 (0.9701),74.6094 (75.8460),92.5781 (92.8660)
27,layer3.0.downsample.0,8,0.7999999999999999,0.9563 (0.9792),75.3906 (75.6260),92.9688 (92.6640)
27,layer3.0.downsample.0,8,0.7999999999999999,1.0125 (0.9792),74.2188 (75.6260),92.5781 (92.6640)
27,layer3.0.downsample.0,9,0.9,1.0068 (1.0216),74.2188 (74.6480),92.9688 (92.1160)
27,layer3.0.downsample.0,9,0.9,1.0702 (1.0216),73.8281 (74.6480),91.4062 (92.1160)
28,layer3.1.conv1,1,0.09999999999999999,0.9865 (0.9627),75.0000 (76.0080),92.5781 (92.9400)
28,layer3.1.conv1,1,0.09999999999999999,0.9512 (0.9627),76.1719 (76.0080),93.3594 (92.9400)
28,layer3.1.conv1,2,0.19999999999999998,0.9510 (0.9626),76.1719 (76.0200),93.3594 (92.9400)
28,layer3.1.conv1,2,0.19999999999999998,0.9860 (0.9626),75.0000 (76.0200),92.5781 (92.9400)
28,layer3.1.conv1,3,0.3,0.9505 (0.9625),75.7812 (76.0060),93.3594 (92.9400)
28,layer3.1.conv1,3,0.3,0.9867 (0.9625),75.0000 (76.0060),92.5781 (92.9400)
28,layer3.1.conv1,4,0.39999999999999997,0.9512 (0.9626),75.7812 (76.0120),93.3594 (92.9580)
28,layer3.1.conv1,4,0.39999999999999997,0.9874 (0.9626),75.0000 (76.0120),92.9688 (92.9580)
28,layer3.1.conv1,5,0.5,0.9872 (0.9623),75.0000 (76.0100),92.5781 (92.9620)
28,layer3.1.conv1,5,0.5,0.9544 (0.9623),76.1719 (76.0100),93.3594 (92.9620)
28,layer3.1.conv1,6,0.6,0.9902 (0.9631),75.0000 (76.0400),92.5781 (92.9460)
28,layer3.1.conv1,6,0.6,0.9600 (0.9631),75.7812 (76.0400),93.3594 (92.9460)
28,layer3.1.conv1,7,0.7000000000000001,0.9990 (0.9657),75.0000 (76.0180),92.9688 (92.8920)
28,layer3.1.conv1,7,0.7000000000000001,0.9637 (0.9657),75.7812 (76.0180),93.3594 (92.8920)
28,layer3.1.conv1,8,0.7999999999999999,0.9766 (0.9756),75.3906 (75.9160),93.3594 (92.7960)
28,layer3.1.conv1,8,0.7999999999999999,1.0152 (0.9756),74.6094 (75.9160),92.1875 (92.7960)
28,layer3.1.conv1,9,0.9,1.0273 (1.0137),74.6094 (74.9960),92.5781 (92.3100)
28,layer3.1.conv1,9,0.9,1.0422 (1.0137),75.0000 (74.9960),91.7969 (92.3100)
29,layer3.1.conv2,1,0.09999999999999999,0.9859 (0.9626),75.0000 (76.0080),92.5781 (92.9400)
29,layer3.1.conv2,1,0.09999999999999999,0.9516 (0.9626),76.1719 (76.0080),93.3594 (92.9400)
29,layer3.1.conv2,2,0.19999999999999998,0.9502 (0.9622),76.1719 (76.0300),93.3594 (92.9600)
29,layer3.1.conv2,2,0.19999999999999998,0.9850 (0.9622),75.0000 (76.0300),92.5781 (92.9600)
29,layer3.1.conv2,3,0.3,0.9492 (0.9621),75.7812 (76.0140),93.3594 (92.9300)
29,layer3.1.conv2,3,0.3,0.9853 (0.9621),75.0000 (76.0140),92.5781 (92.9300)
29,layer3.1.conv2,4,0.39999999999999997,0.9872 (0.9623),74.6094 (75.9720),92.5781 (92.9560)
29,layer3.1.conv2,4,0.39999999999999997,0.9492 (0.9623),75.7812 (75.9720),93.3594 (92.9560)
29,layer3.1.conv2,5,0.5,0.9520 (0.9635),76.1719 (75.9760),92.9688 (92.9120)
29,layer3.1.conv2,5,0.5,0.9833 (0.9635),74.6094 (75.9760),92.5781 (92.9120)
29,layer3.1.conv2,6,0.6,0.9573 (0.9657),76.1719 (75.9540),92.9688 (92.8520)
29,layer3.1.conv2,6,0.6,0.9860 (0.9657),74.2188 (75.9540),92.5781 (92.8520)
29,layer3.1.conv2,7,0.7000000000000001,0.9819 (0.9713),74.6094 (75.7360),92.5781 (92.7780)
29,layer3.1.conv2,7,0.7000000000000001,0.9598 (0.9713),76.5625 (75.7360),92.9688 (92.7780)
29,layer3.1.conv2,8,0.7999999999999999,0.9816 (1.0001),75.7812 (75.0140),92.9688 (92.5180)
29,layer3.1.conv2,8,0.7999999999999999,1.0084 (1.0001),74.6094 (75.0140),92.2619 (92.5180)
29,layer3.1.conv2,9,0.9,1.1549 (1.1848),72.2656 (71.5300),89.8438 (90.4380)
29,layer3.1.conv2,9,0.9,1.1922 (1.1848),70.3125 (71.5300),90.2344 (90.4380)
30,layer3.1.conv3,1,0.09999999999999999,0.9864 (0.9627),75.0000 (76.0080),92.5781 (92.9360)
30,layer3.1.conv3,1,0.09999999999999999,0.9511 (0.9627),76.1719 (76.0080),93.3594 (92.9360)
30,layer3.1.conv3,2,0.19999999999999998,0.9508 (0.9627),76.1719 (76.0260),93.3594 (92.9440)
30,layer3.1.conv3,2,0.19999999999999998,0.9876 (0.9627),75.0000 (76.0260),92.9688 (92.9440)
30,layer3.1.conv3,3,0.3,0.9495 (0.9631),76.1719 (76.0260),93.3594 (92.9180)
30,layer3.1.conv3,3,0.3,0.9874 (0.9631),75.0000 (76.0260),92.5781 (92.9180)
30,layer3.1.conv3,4,0.39999999999999997,0.9853 (0.9633),75.0000 (76.0540),92.9688 (92.9020)
30,layer3.1.conv3,4,0.39999999999999997,0.9456 (0.9633),76.1719 (76.0540),92.9688 (92.9020)
30,layer3.1.conv3,5,0.5,0.9530 (0.9647),75.7812 (75.9780),93.3594 (92.9040)
30,layer3.1.conv3,5,0.5,0.9901 (0.9647),75.0000 (75.9780),92.9688 (92.9040)
30,layer3.1.conv3,6,0.6,0.9997 (0.9661),75.0000 (75.9560),92.9688 (92.8980)
30,layer3.1.conv3,6,0.6,0.9487 (0.9661),75.3906 (75.9560),93.3594 (92.8980)
30,layer3.1.conv3,7,0.7000000000000001,0.9540 (0.9669),75.7812 (75.8880),92.9688 (92.8620)
30,layer3.1.conv3,7,0.7000000000000001,1.0028 (0.9669),75.0000 (75.8880),92.9688 (92.8620)
30,layer3.1.conv3,8,0.7999999999999999,1.0081 (0.9730),74.6094 (75.7560),92.9688 (92.7280)
30,layer3.1.conv3,8,0.7999999999999999,0.9534 (0.9730),75.7812 (75.7560),92.5781 (92.7280)
30,layer3.1.conv3,9,0.9,1.0258 (0.9946),73.8281 (75.3700),92.1875 (92.5080)
30,layer3.1.conv3,9,0.9,0.9825 (0.9946),75.7812 (75.3700),92.9688 (92.5080)
31,layer3.2.conv1,1,0.09999999999999999,0.9866 (0.9626),75.0000 (76.0140),92.5781 (92.9460)
31,layer3.2.conv1,1,0.09999999999999999,0.9512 (0.9626),76.1719 (76.0140),93.3594 (92.9460)
31,layer3.2.conv1,2,0.19999999999999998,0.9864 (0.9627),74.6094 (76.0200),92.5781 (92.9420)
31,layer3.2.conv1,2,0.19999999999999998,0.9518 (0.9627),76.1719 (76.0200),93.3594 (92.9420)
31,layer3.2.conv1,3,0.3,0.9860 (0.9627),75.0000 (76.0260),92.9688 (92.9460)
31,layer3.2.conv1,3,0.3,0.9509 (0.9627),76.1719 (76.0260),93.3594 (92.9460)
31,layer3.2.conv1,4,0.39999999999999997,0.9862 (0.9630),75.0000 (76.0040),92.5781 (92.9440)
31,layer3.2.conv1,4,0.39999999999999997,0.9523 (0.9630),75.7812 (76.0040),93.3594 (92.9440)
31,layer3.2.conv1,5,0.5,0.9865 (0.9639),75.0000 (75.9940),92.9688 (92.9380)
31,layer3.2.conv1,5,0.5,0.9533 (0.9639),75.7812 (75.9940),93.3594 (92.9380)
31,layer3.2.conv1,6,0.6,0.9916 (0.9649),74.6094 (75.9680),92.9688 (92.9360)
31,layer3.2.conv1,6,0.6,0.9565 (0.9649),76.1719 (75.9680),93.3594 (92.9360)
31,layer3.2.conv1,7,0.7000000000000001,0.9695 (0.9680),75.7812 (75.9940),92.9688 (92.8940)
31,layer3.2.conv1,7,0.7000000000000001,0.9892 (0.9680),74.6094 (75.9940),92.9688 (92.8940)
31,layer3.2.conv1,8,0.7999999999999999,0.9753 (0.9754),75.7812 (75.8300),92.9688 (92.7480)
31,layer3.2.conv1,8,0.7999999999999999,0.9901 (0.9754),74.6094 (75.8300),92.9688 (92.7480)
31,layer3.2.conv1,9,0.9,1.0044 (0.9997),75.0000 (75.2740),92.5781 (92.4640)
31,layer3.2.conv1,9,0.9,1.0189 (0.9997),75.3906 (75.2740),92.1875 (92.4640)
32,layer3.2.conv2,1,0.09999999999999999,0.9865 (0.9626),75.0000 (76.0120),92.5781 (92.9400)
32,layer3.2.conv2,1,0.09999999999999999,0.9514 (0.9626),76.1719 (76.0120),93.3594 (92.9400)
32,layer3.2.conv2,2,0.19999999999999998,0.9876 (0.9626),75.0000 (76.0360),92.9688 (92.9560)
32,layer3.2.conv2,2,0.19999999999999998,0.9523 (0.9626),76.1719 (76.0360),93.3594 (92.9560)
32,layer3.2.conv2,3,0.3,0.9539 (0.9626),76.1719 (76.0040),93.3594 (92.9500)
32,layer3.2.conv2,3,0.3,0.9883 (0.9626),75.0000 (76.0040),92.9688 (92.9500)
32,layer3.2.conv2,4,0.39999999999999997,0.9887 (0.9630),75.0000 (76.0240),92.9688 (92.9280)
32,layer3.2.conv2,4,0.39999999999999997,0.9582 (0.9630),76.1719 (76.0240),93.3594 (92.9280)
32,layer3.2.conv2,5,0.5,0.9627 (0.9631),75.7812 (76.0160),93.3594 (92.9420)
32,layer3.2.conv2,5,0.5,0.9874 (0.9631),75.0000 (76.0160),92.9688 (92.9420)
32,layer3.2.conv2,6,0.6,0.9673 (0.9635),75.7812 (75.9880),93.3594 (92.8940)
32,layer3.2.conv2,6,0.6,0.9926 (0.9635),74.6094 (75.9880),92.9688 (92.8940)
32,layer3.2.conv2,7,0.7000000000000001,0.9696 (0.9663),76.1719 (75.9800),93.7500 (92.9020)
32,layer3.2.conv2,7,0.7000000000000001,0.9965 (0.9663),75.0000 (75.9800),92.8571 (92.9020)
32,layer3.2.conv2,8,0.7999999999999999,1.0009 (0.9755),75.3906 (75.7140),92.5781 (92.7940)
32,layer3.2.conv2,8,0.7999999999999999,0.9820 (0.9755),75.3906 (75.7140),92.5781 (92.7940)
32,layer3.2.conv2,9,0.9,0.9907 (1.0015),75.7812 (75.1320),92.5781 (92.4080)
32,layer3.2.conv2,9,0.9,1.0358 (1.0015),74.6094 (75.1320),91.7969 (92.4080)
33,layer3.2.conv3,1,0.09999999999999999,0.9863 (0.9627),75.0000 (75.9940),92.5781 (92.9380)
33,layer3.2.conv3,1,0.09999999999999999,0.9510 (0.9627),76.1719 (75.9940),93.3594 (92.9380)
33,layer3.2.conv3,2,0.19999999999999998,0.9514 (0.9628),76.1719 (76.0420),93.3594 (92.9440)
33,layer3.2.conv3,2,0.19999999999999998,0.9869 (0.9628),75.0000 (76.0420),92.9688 (92.9440)
33,layer3.2.conv3,3,0.3,0.9871 (26531601687030.5273),75.0000 (76.0160),92.5781 (92.9500)
33,layer3.2.conv3,3,0.3,0.9506 (26531601687030.5273),76.1719 (76.0160),93.3594 (92.9500)
33,layer3.2.conv3,4,0.39999999999999997,0.9509 (0.9644),75.7812 (76.0280),92.9688 (92.9120)
33,layer3.2.conv3,4,0.39999999999999997,0.9914 (0.9644),75.0000 (76.0280),92.9688 (92.9120)
33,layer3.2.conv3,5,0.5,0.9946 (0.9661),75.0000 (76.0300),92.5781 (92.8660)
33,layer3.2.conv3,5,0.5,0.9536 (0.9661),76.1719 (76.0300),92.9688 (92.8660)
33,layer3.2.conv3,6,0.6,0.9601 (0.9698),76.1719 (75.9420),92.9688 (92.8280)
33,layer3.2.conv3,6,0.6,1.0058 (0.9698),75.0000 (75.9420),92.5781 (92.8280)
33,layer3.2.conv3,7,0.7000000000000001,1.0176 (0.9748),75.0000 (75.7540),92.1875 (92.8380)
33,layer3.2.conv3,7,0.7000000000000001,0.9644 (0.9748),76.1719 (75.7540),93.3594 (92.8380)
33,layer3.2.conv3,8,0.7999999999999999,0.9884 (0.9875),75.3906 (75.5600),92.5781 (92.7860)
33,layer3.2.conv3,8,0.7999999999999999,1.0313 (0.9875),74.6094 (75.5600),91.7969 (92.7860)
33,layer3.2.conv3,9,0.9,0.9930 (1.0098),75.0000 (75.1660),92.5781 (92.5280)
33,layer3.2.conv3,9,0.9,1.0393 (1.0098),74.2188 (75.1660),92.1875 (92.5280)
34,layer3.3.conv1,1,0.09999999999999999,0.9508 (0.9627),76.1719 (76.0140),93.3594 (92.9340)
34,layer3.3.conv1,1,0.09999999999999999,0.9870 (0.9627),75.0000 (76.0140),92.5781 (92.9340)
34,layer3.3.conv1,2,0.19999999999999998,0.9868 (0.9626),75.0000 (75.9960),92.5781 (92.9360)
34,layer3.3.conv1,2,0.19999999999999998,0.9500 (0.9626),76.1719 (75.9960),93.3594 (92.9360)
34,layer3.3.conv1,3,0.3,0.9879 (0.9626),74.6094 (76.0080),92.5781 (92.9460)
34,layer3.3.conv1,3,0.3,0.9499 (0.9626),76.1719 (76.0080),93.3594 (92.9460)
34,layer3.3.conv1,4,0.39999999999999997,0.9881 (0.9626),75.0000 (76.0320),92.5781 (92.9460)
34,layer3.3.conv1,4,0.39999999999999997,0.9520 (0.9626),76.1719 (76.0320),93.3594 (92.9460)
34,layer3.3.conv1,5,0.5,0.9869 (0.9627),75.0000 (75.9940),92.5781 (92.9400)
34,layer3.3.conv1,5,0.5,0.9519 (0.9627),76.1719 (75.9940),93.3594 (92.9400)
34,layer3.3.conv1,6,0.6,0.9465 (0.9639),76.1719 (75.9560),93.3594 (92.9220)
34,layer3.3.conv1,6,0.6,0.9914 (0.9639),75.0000 (75.9560),92.5781 (92.9220)
34,layer3.3.conv1,7,0.7000000000000001,0.9504 (0.9676),76.1719 (75.8860),93.3594 (92.8520)
34,layer3.3.conv1,7,0.7000000000000001,1.0007 (0.9676),74.4048 (75.8860),92.5781 (92.8520)
34,layer3.3.conv1,8,0.7999999999999999,0.9615 (0.9786),75.3906 (75.6680),92.9688 (92.7140)
34,layer3.3.conv1,8,0.7999999999999999,1.0076 (0.9786),74.6094 (75.6680),92.1875 (92.7140)
34,layer3.3.conv1,9,0.9,1.0444 (1.0248),73.8281 (74.5740),91.7969 (92.1620)
34,layer3.3.conv1,9,0.9,1.0084 (1.0248),74.6094 (74.5740),92.1875 (92.1620)
35,layer3.3.conv2,1,0.09999999999999999,0.9508 (0.9627),76.1719 (76.0180),93.3594 (92.9420)
35,layer3.3.conv2,1,0.09999999999999999,0.9870 (0.9627),75.0000 (76.0180),92.5781 (92.9420)
35,layer3.3.conv2,2,0.19999999999999998,0.9874 (0.9628),74.6094 (75.9940),92.5781 (92.9280)
35,layer3.3.conv2,2,0.19999999999999998,0.9517 (0.9628),76.1719 (75.9940),93.3594 (92.9280)
35,layer3.3.conv2,3,0.3,0.9868 (0.9630),75.0000 (76.0060),92.5781 (92.9420)
35,layer3.3.conv2,3,0.3,0.9522 (0.9630),76.1719 (76.0060),93.3594 (92.9420)
35,layer3.3.conv2,4,0.39999999999999997,0.9863 (0.9634),75.0000 (76.0680),92.9688 (92.9160)
35,layer3.3.conv2,4,0.39999999999999997,0.9529 (0.9634),76.1719 (76.0680),93.3594 (92.9160)
35,layer3.3.conv2,5,0.5,0.9905 (0.9652),75.0000 (76.0180),92.9688 (92.9180)
35,layer3.3.conv2,5,0.5,0.9533 (0.9652),76.1719 (76.0180),92.9688 (92.9180)
35,layer3.3.conv2,6,0.6,0.9555 (0.9689),76.1719 (75.9100),93.3594 (92.8540)
35,layer3.3.conv2,6,0.6,0.9972 (0.9689),75.0000 (75.9100),92.5781 (92.8540)
35,layer3.3.conv2,7,0.7000000000000001,0.9651 (0.9780),75.7812 (75.6220),93.3594 (92.7080)
35,layer3.3.conv2,7,0.7000000000000001,1.0172 (0.9780),75.0000 (75.6220),92.5781 (92.7080)
35,layer3.3.conv2,8,0.7999999999999999,1.0486 (1.0022),73.8281 (74.9520),92.1875 (92.3720)
35,layer3.3.conv2,8,0.7999999999999999,1.0009 (1.0022),75.0000 (74.9520),92.5781 (92.3720)
35,layer3.3.conv2,9,0.9,1.0696 (1.0755),73.8281 (73.4140),91.7969 (91.4620)
35,layer3.3.conv2,9,0.9,1.1152 (1.0755),72.2656 (73.4140),90.6250 (91.4620)
36,layer3.3.conv3,1,0.09999999999999999,0.9513 (0.9627),76.1719 (76.0100),93.3594 (92.9420)
36,layer3.3.conv3,1,0.09999999999999999,0.9872 (0.9627),75.0000 (76.0100),92.5781 (92.9420)
36,layer3.3.conv3,2,0.19999999999999998,0.9884 (0.9628),75.0000 (76.0160),92.5781 (92.9460)
36,layer3.3.conv3,2,0.19999999999999998,0.9521 (0.9628),75.7812 (76.0160),93.3594 (92.9460)
36,layer3.3.conv3,3,0.3,0.9515 (0.9632),76.1719 (76.0020),93.3594 (92.9260)
36,layer3.3.conv3,3,0.3,0.9910 (0.9632),75.0000 (76.0020),92.5781 (92.9260)
36,layer3.3.conv3,4,0.39999999999999997,0.9518 (0.9629),75.7812 (75.9800),93.3594 (92.9140)
36,layer3.3.conv3,4,0.39999999999999997,0.9915 (0.9629),75.0000 (75.9800),92.5781 (92.9140)
36,layer3.3.conv3,5,0.5,0.9593 (0.9636),75.7812 (75.9580),93.3594 (92.8880)
36,layer3.3.conv3,5,0.5,0.9922 (0.9636),75.0000 (75.9580),92.5781 (92.8880)
36,layer3.3.conv3,6,0.6,1.0051 (0.9668),74.2188 (75.9720),92.9688 (92.8440)
36,layer3.3.conv3,6,0.6,0.9583 (0.9668),76.1719 (75.9720),92.9688 (92.8440)
36,layer3.3.conv3,7,0.7000000000000001,1.0145 (0.9714),75.0000 (75.9940),92.5781 (92.7860)
36,layer3.3.conv3,7,0.7000000000000001,0.9646 (0.9714),75.7812 (75.9940),93.3594 (92.7860)
36,layer3.3.conv3,8,0.7999999999999999,1.0084 (25405125991613.0664),73.8281 (75.7320),92.1875 (92.7320)
36,layer3.3.conv3,8,0.7999999999999999,0.9845 (25405125991613.0664),75.7812 (75.7320),92.9688 (92.7320)
36,layer3.3.conv3,9,0.9,0.9966 (0.9979),75.0000 (75.3320),92.5781 (92.5580)
36,layer3.3.conv3,9,0.9,1.0246 (0.9979),74.2188 (75.3320),92.1875 (92.5580)
37,layer3.4.conv1,1,0.09999999999999999,0.9506 (0.9627),76.1719 (76.0280),93.3594 (92.9440)
37,layer3.4.conv1,1,0.09999999999999999,0.9871 (0.9627),75.0000 (76.0280),92.5781 (92.9440)
37,layer3.4.conv1,2,0.19999999999999998,0.9865 (0.9629),75.0000 (76.0260),92.5781 (92.9340)
37,layer3.4.conv1,2,0.19999999999999998,0.9501 (0.9629),76.1719 (76.0260),93.3594 (92.9340)
37,layer3.4.conv1,3,0.3,0.9868 (0.9634),75.0000 (75.9960),92.9688 (92.9200)
37,layer3.4.conv1,3,0.3,0.9497 (0.9634),76.1719 (75.9960),93.3594 (92.9200)
37,layer3.4.conv1,4,0.39999999999999997,0.9493 (0.9638),76.1719 (76.0340),93.3594 (92.9180)
37,layer3.4.conv1,4,0.39999999999999997,0.9848 (0.9638),75.0000 (76.0340),92.5781 (92.9180)
37,layer3.4.conv1,5,0.5,0.9831 (0.9661),75.0000 (76.0300),92.9688 (92.8880)
37,layer3.4.conv1,5,0.5,0.9544 (0.9661),75.7812 (76.0300),93.3594 (92.8880)
37,layer3.4.conv1,6,0.6,0.9847 (0.9686),75.3906 (76.0060),92.9688 (92.8740)
37,layer3.4.conv1,6,0.6,0.9600 (0.9686),75.7812 (76.0060),93.3594 (92.8740)
37,layer3.4.conv1,7,0.7000000000000001,0.9582 (0.9761),75.0000 (75.7340),93.3594 (92.7560)
37,layer3.4.conv1,7,0.7000000000000001,0.9944 (0.9761),75.0000 (75.7340),92.5781 (92.7560)
37,layer3.4.conv1,8,0.7999999999999999,1.0208 (1.0004),74.6094 (75.1700),92.1875 (92.4560)
37,layer3.4.conv1,8,0.7999999999999999,0.9827 (1.0004),74.6094 (75.1700),92.5781 (92.4560)
37,layer3.4.conv1,9,0.9,1.1213 (1.0938),73.0469 (73.1940),91.0156 (91.1880)
37,layer3.4.conv1,9,0.9,1.1070 (1.0938),73.4375 (73.1940),91.7969 (91.1880)
38,layer3.4.conv2,1,0.09999999999999999,0.9866 (0.9626),75.0000 (75.9980),92.5781 (92.9420)
38,layer3.4.conv2,1,0.09999999999999999,0.9511 (0.9626),76.1719 (75.9980),93.3594 (92.9420)
38,layer3.4.conv2,2,0.19999999999999998,0.9535 (0.9628),75.7812 (75.9920),92.9688 (92.9500)
38,layer3.4.conv2,2,0.19999999999999998,0.9872 (0.9628),75.0000 (75.9920),92.5781 (92.9500)
38,layer3.4.conv2,3,0.3,0.9545 (0.9631),75.7812 (75.9800),93.3594 (92.9560)
38,layer3.4.conv2,3,0.3,0.9884 (0.9631),74.6094 (75.9800),92.5781 (92.9560)
38,layer3.4.conv2,4,0.39999999999999997,0.9910 (0.9633),75.0000 (76.0160),92.5781 (92.9340)
38,layer3.4.conv2,4,0.39999999999999997,0.9597 (0.9633),76.1719 (76.0160),93.3594 (92.9340)
38,layer3.4.conv2,5,0.5,0.9931 (0.9657),75.0000 (75.9480),92.5781 (92.9080)
38,layer3.4.conv2,5,0.5,0.9623 (0.9657),76.1719 (75.9480),92.9688 (92.9080)
38,layer3.4.conv2,6,0.6,0.9656 (0.9696),76.1719 (75.8520),92.9688 (92.8720)
38,layer3.4.conv2,6,0.6,0.9990 (0.9696),74.2188 (75.8520),92.5781 (92.8720)
38,layer3.4.conv2,7,0.7000000000000001,0.9661 (0.9764),76.1719 (75.6440),92.9688 (92.7440)
38,layer3.4.conv2,7,0.7000000000000001,1.0100 (0.9764),74.2188 (75.6440),92.5781 (92.7440)
38,layer3.4.conv2,8,0.7999999999999999,0.9749 (0.9992),75.0000 (75.1720),92.5781 (92.4120)
38,layer3.4.conv2,8,0.7999999999999999,1.0417 (0.9992),73.8281 (75.1720),92.1875 (92.4120)
38,layer3.4.conv2,9,0.9,1.0609 (1.0670),74.6094 (73.6900),91.4062 (91.6000)
38,layer3.4.conv2,9,0.9,1.0980 (1.0670),73.0469 (73.6900),91.0156 (91.6000)
39,layer3.4.conv3,1,0.09999999999999999,0.9870 (0.9627),75.0000 (76.0020),92.5781 (92.9380)
39,layer3.4.conv3,1,0.09999999999999999,0.9505 (0.9627),76.1719 (76.0020),93.3594 (92.9380)
39,layer3.4.conv3,2,0.19999999999999998,0.9524 (0.9626),76.1719 (76.0500),93.3594 (92.9280)
39,layer3.4.conv3,2,0.19999999999999998,0.9859 (0.9626),75.0000 (76.0500),92.5781 (92.9280)
39,layer3.4.conv3,3,0.3,0.9862 (0.9634),74.6094 (76.0080),92.9688 (92.9380)
39,layer3.4.conv3,3,0.3,0.9524 (0.9634),76.1719 (76.0080),93.3594 (92.9380)
39,layer3.4.conv3,4,0.39999999999999997,0.9525 (0.9640),75.7812 (76.0300),93.3594 (92.9340)
39,layer3.4.conv3,4,0.39999999999999997,0.9856 (0.9640),75.0000 (76.0300),92.5781 (92.9340)
39,layer3.4.conv3,5,0.5,0.9820 (0.9649),74.6094 (75.9700),92.5781 (92.9160)
39,layer3.4.conv3,5,0.5,0.9560 (0.9649),75.7812 (75.9700),93.3594 (92.9160)
39,layer3.4.conv3,6,0.6,0.9518 (0.9660),75.7812 (75.9720),92.9688 (92.8980)
39,layer3.4.conv3,6,0.6,0.9798 (0.9660),74.6094 (75.9720),92.9688 (92.8980)
39,layer3.4.conv3,7,0.7000000000000001,0.9529 (0.9703),75.7812 (75.8600),93.3594 (92.8520)
39,layer3.4.conv3,7,0.7000000000000001,0.9797 (0.9703),74.6094 (75.8600),92.8571 (92.8520)
39,layer3.4.conv3,8,0.7999999999999999,0.9539 (0.9808),75.7812 (75.6680),93.3594 (92.7720)
39,layer3.4.conv3,8,0.7999999999999999,0.9883 (0.9808),74.2188 (75.6680),92.5781 (92.7720)
39,layer3.4.conv3,9,0.9,1.0292 (1.0059),74.6094 (75.1980),92.2619 (92.4620)
39,layer3.4.conv3,9,0.9,0.9800 (1.0059),75.0000 (75.1980),92.9688 (92.4620)
40,layer3.5.conv1,1,0.09999999999999999,0.9510 (0.9626),76.1719 (76.0020),93.3594 (92.9400)
40,layer3.5.conv1,1,0.09999999999999999,0.9870 (0.9626),75.0000 (76.0020),92.5781 (92.9400)
40,layer3.5.conv1,2,0.19999999999999998,0.9892 (0.9627),75.0000 (76.0300),92.5781 (92.9480)
40,layer3.5.conv1,2,0.19999999999999998,0.9509 (0.9627),76.1719 (76.0300),93.3594 (92.9480)
40,layer3.5.conv1,3,0.3,0.9888 (0.9632),75.0000 (76.0400),92.9688 (92.9420)
40,layer3.5.conv1,3,0.3,0.9540 (0.9632),76.1719 (76.0400),93.3594 (92.9420)
40,layer3.5.conv1,4,0.39999999999999997,0.9589 (27917391511218.6055),76.5625 (76.0760),93.3594 (92.9260)
40,layer3.5.conv1,4,0.39999999999999997,0.9873 (27917391511218.6055),74.6094 (76.0760),92.9688 (92.9260)
40,layer3.5.conv1,5,0.5,0.9717 (0.9670),75.7812 (75.9500),92.9688 (92.8540)
40,layer3.5.conv1,5,0.5,0.9949 (0.9670),75.0000 (75.9500),92.5781 (92.8540)
40,layer3.5.conv1,6,0.6,0.9757 (0.9726),75.7812 (75.8280),92.9688 (92.7880)
40,layer3.5.conv1,6,0.6,1.0072 (0.9726),74.6094 (75.8280),92.1875 (92.7880)
40,layer3.5.conv1,7,0.7000000000000001,0.9938 (0.9859),76.1719 (75.4960),92.5781 (92.5920)
40,layer3.5.conv1,7,0.7000000000000001,1.0245 (0.9859),74.6094 (75.4960),91.7969 (92.5920)
40,layer3.5.conv1,8,0.7999999999999999,1.0688 (1.0271),73.4375 (74.6060),90.6250 (92.0760)
40,layer3.5.conv1,8,0.7999999999999999,1.0362 (1.0271),75.0000 (74.6060),92.1875 (92.0760)
40,layer3.5.conv1,9,0.9,1.2101 (1.1874),71.8750 (70.8700),89.8438 (90.0460)
40,layer3.5.conv1,9,0.9,1.2435 (1.1874),69.1406 (70.8700),89.0625 (90.0460)
41,layer3.5.conv2,1,0.09999999999999999,0.9865 (0.9627),75.0000 (76.0060),92.5781 (92.9400)
41,layer3.5.conv2,1,0.09999999999999999,0.9510 (0.9627),76.1719 (76.0060),92.9688 (92.9400)
41,layer3.5.conv2,2,0.19999999999999998,0.9868 (0.9627),75.0000 (76.0000),92.5781 (92.9480)
41,layer3.5.conv2,2,0.19999999999999998,0.9518 (0.9627),75.7812 (76.0000),93.3594 (92.9480)
41,layer3.5.conv2,3,0.3,0.9848 (0.9633),75.0000 (75.9900),92.5781 (92.9400)
41,layer3.5.conv2,3,0.3,0.9510 (0.9633),75.7812 (75.9900),93.3594 (92.9400)
41,layer3.5.conv2,4,0.39999999999999997,0.9871 (0.9648),75.0000 (76.0040),92.5781 (92.9360)
41,layer3.5.conv2,4,0.39999999999999997,0.9563 (0.9648),75.3906 (76.0040),93.3594 (92.9360)
41,layer3.5.conv2,5,0.5,0.9866 (0.9659),75.0000 (75.9080),92.5781 (92.9440)
41,layer3.5.conv2,5,0.5,0.9588 (0.9659),75.7812 (75.9080),93.3594 (92.9440)
41,layer3.5.conv2,6,0.6,0.9937 (0.9690),75.0000 (75.8680),92.9688 (92.9280)
41,layer3.5.conv2,6,0.6,0.9636 (0.9690),75.3906 (75.8680),93.3594 (92.9280)
41,layer3.5.conv2,7,0.7000000000000001,0.9719 (21448505153077.2227),75.3906 (75.5960),92.5781 (92.8020)
41,layer3.5.conv2,7,0.7000000000000001,1.0137 (21448505153077.2227),74.6094 (75.5960),92.5781 (92.8020)
41,layer3.5.conv2,8,0.7999999999999999,1.0459 (1.0010),73.4375 (75.0560),91.7969 (92.5200)
41,layer3.5.conv2,8,0.7999999999999999,0.9894 (1.0010),75.0000 (75.0560),92.5781 (92.5200)
41,layer3.5.conv2,9,0.9,1.0606 (1.0657),74.2188 (73.5660),91.7969 (91.6340)
41,layer3.5.conv2,9,0.9,1.1018 (1.0657),72.6190 (73.5660),91.0156 (91.6340)
42,layer3.5.conv3,1,0.09999999999999999,0.9868 (0.9627),75.0000 (76.0040),92.5781 (92.9340)
42,layer3.5.conv3,1,0.09999999999999999,0.9508 (0.9627),76.1719 (76.0040),93.3594 (92.9340)
42,layer3.5.conv3,2,0.19999999999999998,0.9513 (0.9631),75.7812 (76.0220),93.3594 (92.9280)
42,layer3.5.conv3,2,0.19999999999999998,0.9867 (0.9631),74.6094 (76.0220),92.9688 (92.9280)
42,layer3.5.conv3,3,0.3,0.9524 (0.9634),75.7812 (76.0400),93.3594 (92.9260)
42,layer3.5.conv3,3,0.3,0.9858 (0.9634),75.0000 (76.0400),92.9688 (92.9260)
42,layer3.5.conv3,4,0.39999999999999997,0.9865 (0.9640),75.0000 (76.0360),92.9688 (92.9140)
42,layer3.5.conv3,4,0.39999999999999997,0.9533 (0.9640),76.1719 (76.0360),93.3594 (92.9140)
42,layer3.5.conv3,5,0.5,0.9562 (0.9659),75.7812 (76.0200),92.9688 (92.8960)
42,layer3.5.conv3,5,0.5,0.9873 (0.9659),74.6094 (76.0200),92.5781 (92.8960)
42,layer3.5.conv3,6,0.6,0.9556 (0.9691),75.7812 (75.9220),92.9688 (92.8480)
42,layer3.5.conv3,6,0.6,0.9867 (0.9691),75.0000 (75.9220),92.5781 (92.8480)
42,layer3.5.conv3,7,0.7000000000000001,0.9886 (0.9755),75.0000 (75.8900),92.5781 (92.7560)
42,layer3.5.conv3,7,0.7000000000000001,0.9614 (0.9755),75.7812 (75.8900),93.3594 (92.7560)
42,layer3.5.conv3,8,0.7999999999999999,0.9900 (0.9884),74.6094 (75.4600),92.8571 (92.6300)
42,layer3.5.conv3,8,0.7999999999999999,0.9746 (0.9884),75.0000 (75.4600),93.3594 (92.6300)
42,layer3.5.conv3,9,0.9,1.0349 (1.0223),73.4375 (74.6780),92.1875 (92.2020)
42,layer3.5.conv3,9,0.9,1.0082 (1.0223),74.6094 (74.6780),92.5781 (92.2020)
43,layer4.0.conv1,1,0.09999999999999999,0.9525 (0.9632),75.7812 (76.0160),93.3594 (92.9280)
43,layer4.0.conv1,1,0.09999999999999999,0.9858 (0.9632),75.0000 (76.0160),92.9688 (92.9280)
43,layer4.0.conv1,2,0.19999999999999998,0.9864 (0.9639),75.0000 (75.9780),92.5781 (92.9000)
43,layer4.0.conv1,2,0.19999999999999998,0.9519 (0.9639),75.7812 (75.9780),93.3594 (92.9000)
43,layer4.0.conv1,3,0.3,0.9874 (0.9645),74.6094 (75.9960),92.5781 (92.9000)
43,layer4.0.conv1,3,0.3,0.9537 (0.9645),75.7812 (75.9960),93.3594 (92.9000)
43,layer4.0.conv1,4,0.39999999999999997,1.0011 (0.9681),75.0000 (75.8780),92.5781 (92.9020)
43,layer4.0.conv1,4,0.39999999999999997,0.9602 (0.9681),75.7812 (75.8780),93.3594 (92.9020)
43,layer4.0.conv1,5,0.5,0.9726 (0.9758),75.3906 (75.7000),93.3594 (92.7780)
43,layer4.0.conv1,5,0.5,1.0091 (0.9758),75.0000 (75.7000),92.8571 (92.7780)
43,layer4.0.conv1,6,0.6,0.9788 (0.9859),75.3906 (75.4040),92.5781 (92.6600)
43,layer4.0.conv1,6,0.6,1.0285 (0.9859),74.2188 (75.4040),92.5781 (92.6600)
43,layer4.0.conv1,7,0.7000000000000001,1.0044 (1.0147),75.0000 (74.6140),92.5781 (92.3220)
43,layer4.0.conv1,7,0.7000000000000001,1.0507 (1.0147),73.8095 (74.6140),92.1875 (92.3220)
43,layer4.0.conv1,8,0.7999999999999999,1.0996 (1.0775),71.8750 (73.2300),91.0714 (91.5900)
43,layer4.0.conv1,8,0.7999999999999999,1.0728 (1.0775),73.4375 (73.2300),91.7969 (91.5900)
43,layer4.0.conv1,9,0.9,1.2578 (1.2689),69.1406 (68.7800),88.6719 (89.0680)
43,layer4.0.conv1,9,0.9,1.3144 (1.2689),67.1875 (68.7800),89.0625 (89.0680)
44,layer4.0.conv2,1,0.09999999999999999,0.9515 (0.9626),76.1719 (75.9960),93.3594 (92.9420)
44,layer4.0.conv2,1,0.09999999999999999,0.9860 (0.9626),75.0000 (75.9960),92.5781 (92.9420)
44,layer4.0.conv2,2,0.19999999999999998,0.9856 (0.9626),74.6094 (76.0100),92.5781 (92.9440)
44,layer4.0.conv2,2,0.19999999999999998,0.9524 (0.9626),76.1719 (76.0100),93.3594 (92.9440)
44,layer4.0.conv2,3,0.3,0.9892 (0.9632),75.0000 (75.9720),92.5781 (92.9640)
44,layer4.0.conv2,3,0.3,0.9519 (0.9632),75.7812 (75.9720),93.3594 (92.9640)
44,layer4.0.conv2,4,0.39999999999999997,0.9543 (0.9636),75.7812 (76.0060),93.3594 (92.9240)
44,layer4.0.conv2,4,0.39999999999999997,0.9948 (0.9636),75.0000 (76.0060),92.5781 (92.9240)
44,layer4.0.conv2,5,0.5,0.9511 (0.9661),75.3906 (75.9520),93.3594 (92.9040)
44,layer4.0.conv2,5,0.5,0.9974 (0.9661),74.6094 (75.9520),92.5781 (92.9040)
44,layer4.0.conv2,6,0.6,0.9574 (0.9729),75.3906 (75.8120),92.9688 (92.8400)
44,layer4.0.conv2,6,0.6,1.0032 (0.9729),74.6094 (75.8120),92.9688 (92.8400)
44,layer4.0.conv2,7,0.7000000000000001,1.0313 (0.9904),74.2188 (75.2340),91.7969 (92.5140)
44,layer4.0.conv2,7,0.7000000000000001,0.9810 (0.9904),75.3906 (75.2340),92.5781 (92.5140)
44,layer4.0.conv2,8,0.7999999999999999,1.1025 (1.0600),72.6562 (73.4840),91.0156 (91.6880)
44,layer4.0.conv2,8,0.7999999999999999,1.0506 (1.0600),73.4375 (73.4840),91.7969 (91.6880)
44,layer4.0.conv2,9,0.9,1.4619 (1.4268),64.8438 (66.2180),86.7188 (87.3960)
44,layer4.0.conv2,9,0.9,1.4235 (1.4268),67.1875 (66.2180),87.5000 (87.3960)
45,layer4.0.conv3,1,0.09999999999999999,0.9512 (27355117839841.6289),76.1719 (76.0180),93.3594 (92.9400)
45,layer4.0.conv3,1,0.09999999999999999,0.9865 (27355117839841.6289),75.0000 (76.0180),92.5781 (92.9400)
45,layer4.0.conv3,2,0.19999999999999998,0.9513 (0.9634),75.7812 (76.0100),93.3594 (92.9460)
45,layer4.0.conv3,2,0.19999999999999998,0.9866 (0.9634),75.0000 (76.0100),92.9688 (92.9460)
45,layer4.0.conv3,3,0.3,0.9892 (0.9644),75.0000 (76.0200),92.9688 (92.9140)
45,layer4.0.conv3,3,0.3,0.9519 (0.9644),75.7812 (76.0200),93.3594 (92.9140)
45,layer4.0.conv3,4,0.39999999999999997,0.9880 (0.9647),75.0000 (75.9640),92.5781 (92.8880)
45,layer4.0.conv3,4,0.39999999999999997,0.9544 (0.9647),75.7812 (75.9640),93.3594 (92.8880)
45,layer4.0.conv3,5,0.5,0.9658 (0.9692),75.7812 (75.8420),93.3594 (92.8260)
45,layer4.0.conv3,5,0.5,0.9933 (0.9692),75.0000 (75.8420),92.5781 (92.8260)
45,layer4.0.conv3,6,0.6,0.9758 (0.9750),75.3906 (75.6240),92.9688 (92.7020)
45,layer4.0.conv3,6,0.6,1.0002 (0.9750),74.2188 (75.6240),92.1875 (92.7020)
45,layer4.0.conv3,7,0.7000000000000001,1.0108 (0.9878),73.8281 (75.0720),92.1875 (92.4840)
45,layer4.0.conv3,7,0.7000000000000001,0.9861 (0.9878),74.2188 (75.0720),92.5781 (92.4840)
45,layer4.0.conv3,8,0.7999999999999999,1.0259 (22306995980581.5898),74.2188 (74.1100),91.7969 (92.0080)
45,layer4.0.conv3,8,0.7999999999999999,1.0566 (22306995980581.5898),72.2656 (74.1100),91.4062 (92.0080)
45,layer4.0.conv3,9,0.9,1.1911 (1.1873),71.4844 (71.1300),90.6250 (90.4460)
45,layer4.0.conv3,9,0.9,1.2117 (1.1873),69.5312 (71.1300),90.2344 (90.4460)
46,layer4.0.downsample.0,1,0.09999999999999999,0.9857 (0.9626),75.0000 (76.0200),92.5781 (92.9520)
46,layer4.0.downsample.0,1,0.09999999999999999,0.9509 (0.9626),76.1719 (76.0200),93.3594 (92.9520)
46,layer4.0.downsample.0,2,0.19999999999999998,0.9512 (0.9628),76.1719 (76.0000),93.3594 (92.9560)
46,layer4.0.downsample.0,2,0.19999999999999998,0.9878 (0.9628),75.0000 (76.0000),92.9688 (92.9560)
46,layer4.0.downsample.0,3,0.3,0.9878 (0.9624),75.0000 (76.0000),92.9688 (92.9540)
46,layer4.0.downsample.0,3,0.3,0.9520 (0.9624),76.1719 (76.0000),93.3594 (92.9540)
46,layer4.0.downsample.0,4,0.39999999999999997,0.9512 (0.9626),75.7812 (75.9720),92.9688 (92.9520)
46,layer4.0.downsample.0,4,0.39999999999999997,0.9922 (0.9626),74.6094 (75.9720),92.5781 (92.9520)
46,layer4.0.downsample.0,5,0.5,0.9511 (0.9622),75.7812 (75.9280),92.9688 (92.9520)
46,layer4.0.downsample.0,5,0.5,0.9940 (0.9622),74.6094 (75.9280),92.9688 (92.9520)
46,layer4.0.downsample.0,6,0.6,0.9981 (0.9624),74.6094 (75.9120),92.5781 (92.9180)
46,layer4.0.downsample.0,6,0.6,0.9524 (0.9624),75.3906 (75.9120),93.3594 (92.9180)
46,layer4.0.downsample.0,7,0.7000000000000001,0.9559 (0.9658),75.3906 (75.7280),92.9688 (92.8420)
46,layer4.0.downsample.0,7,0.7000000000000001,0.9974 (0.9658),74.6094 (75.7280),92.5781 (92.8420)
46,layer4.0.downsample.0,8,0.7999999999999999,1.0036 (0.9741),74.2188 (75.3900),92.1875 (92.7580)
46,layer4.0.downsample.0,8,0.7999999999999999,0.9599 (0.9741),75.7812 (75.3900),92.9688 (92.7580)
46,layer4.0.downsample.0,9,0.9,1.0323 (0.9961),73.8281 (74.8460),92.5781 (92.4560)
46,layer4.0.downsample.0,9,0.9,0.9801 (0.9961),75.3906 (74.8460),92.5781 (92.4560)
47,layer4.1.conv1,1,0.09999999999999999,0.9503 (0.9628),76.1719 (76.0220),93.3594 (92.9480)
47,layer4.1.conv1,1,0.09999999999999999,0.9862 (0.9628),75.0000 (76.0220),92.5781 (92.9480)
47,layer4.1.conv1,2,0.19999999999999998,0.9497 (0.9632),75.7812 (75.9940),93.3594 (92.9300)
47,layer4.1.conv1,2,0.19999999999999998,0.9853 (0.9632),74.6094 (75.9940),92.5781 (92.9300)
47,layer4.1.conv1,3,0.3,0.9839 (0.9650),74.6094 (75.9920),92.5781 (92.8880)
47,layer4.1.conv1,3,0.3,0.9575 (0.9650),75.3906 (75.9920),93.3594 (92.8880)
47,layer4.1.conv1,4,0.39999999999999997,0.9891 (0.9698),74.6094 (76.0220),92.5781 (92.8840)
47,layer4.1.conv1,4,0.39999999999999997,0.9692 (0.9698),75.7812 (76.0220),93.3594 (92.8840)
47,layer4.1.conv1,5,0.5,0.9863 (0.9820),76.1719 (75.8800),93.3594 (92.7380)
47,layer4.1.conv1,5,0.5,1.0079 (0.9820),74.2188 (75.8800),92.5781 (92.7380)
47,layer4.1.conv1,6,0.6,1.0219 (1.0083),75.0000 (75.4700),92.5781 (92.4940)
47,layer4.1.conv1,6,0.6,1.0359 (1.0083),74.2188 (75.4700),92.1875 (92.4940)
47,layer4.1.conv1,7,0.7000000000000001,1.0926 (1.0668),74.6094 (74.2840),92.1875 (91.8760)
47,layer4.1.conv1,7,0.7000000000000001,1.1018 (1.0668),73.0469 (74.2840),91.7969 (91.8760)
47,layer4.1.conv1,8,0.7999999999999999,1.2594 (1.2268),70.3125 (71.0100),89.4531 (89.9620)
47,layer4.1.conv1,8,0.7999999999999999,1.2452 (1.2268),70.3125 (71.0100),90.2344 (89.9620)
47,layer4.1.conv1,9,0.9,2.0261 (2.0285),55.8594 (56.3920),79.2969 (79.1220)
47,layer4.1.conv1,9,0.9,2.0396 (2.0285),55.9524 (56.3920),78.9062 (79.1220)
48,layer4.1.conv2,1,0.09999999999999999,0.9512 (0.9626),76.1719 (76.0060),93.3594 (92.9220)
48,layer4.1.conv2,1,0.09999999999999999,0.9863 (0.9626),75.0000 (76.0060),92.5781 (92.9220)
48,layer4.1.conv2,2,0.19999999999999998,0.9510 (0.9626),75.7812 (75.9880),93.3594 (92.9400)
48,layer4.1.conv2,2,0.19999999999999998,0.9863 (0.9626),74.6094 (75.9880),92.9688 (92.9400)
48,layer4.1.conv2,3,0.3,0.9879 (0.9620),75.0000 (75.9740),92.5781 (92.9660)
48,layer4.1.conv2,3,0.3,0.9481 (0.9620),76.1719 (75.9740),93.3594 (92.9660)
48,layer4.1.conv2,4,0.39999999999999997,0.9871 (0.9604),75.0000 (75.9780),92.5781 (92.9420)
48,layer4.1.conv2,4,0.39999999999999997,0.9508 (0.9604),75.7812 (75.9780),93.3594 (92.9420)
48,layer4.1.conv2,5,0.5,0.9477 (0.9596),75.7812 (75.8140),93.3594 (92.9300)
48,layer4.1.conv2,5,0.5,0.9953 (0.9596),74.4048 (75.8140),92.9688 (92.9300)
48,layer4.1.conv2,6,0.6,0.9474 (0.9663),75.7812 (75.5120),92.9688 (92.7640)
48,layer4.1.conv2,6,0.6,1.0098 (0.9663),74.6094 (75.5120),92.8571 (92.7640)
48,layer4.1.conv2,7,0.7000000000000001,1.0445 (1.0076),73.8281 (74.7000),91.7969 (92.4040)
48,layer4.1.conv2,7,0.7000000000000001,0.9896 (1.0076),75.0000 (74.7000),92.9688 (92.4040)
48,layer4.1.conv2,8,0.7999999999999999,1.2010 (1.2277),71.8750 (72.0820),91.4062 (91.1180)
48,layer4.1.conv2,8,0.7999999999999999,1.2669 (1.2277),70.7031 (72.0820),90.2344 (91.1180)
48,layer4.1.conv2,9,0.9,2.0762 (17426072432056.9238),64.0625 (63.4780),86.7188 (85.8500)
48,layer4.1.conv2,9,0.9,2.1427 (17426072432056.9238),62.5000 (63.4780),85.7143 (85.8500)
49,layer4.1.conv3,1,0.09999999999999999,0.9859 (0.9625),75.0000 (76.0040),92.5781 (92.9400)
49,layer4.1.conv3,1,0.09999999999999999,0.9506 (0.9625),76.1719 (76.0040),93.3594 (92.9400)
49,layer4.1.conv3,2,0.19999999999999998,0.9837 (0.9625),75.0000 (75.9860),92.5781 (92.9140)
49,layer4.1.conv3,2,0.19999999999999998,0.9505 (0.9625),75.7812 (75.9860),93.3594 (92.9140)
49,layer4.1.conv3,3,0.3,0.9822 (0.9627),74.4048 (75.9900),92.5781 (92.9180)
49,layer4.1.conv3,3,0.3,0.9511 (0.9627),75.3906 (75.9900),92.9688 (92.9180)
49,layer4.1.conv3,4,0.39999999999999997,0.9548 (0.9650),75.7812 (75.9740),93.3594 (92.9020)
49,layer4.1.conv3,4,0.39999999999999997,0.9865 (0.9650),74.6094 (75.9740),92.9688 (92.9020)
49,layer4.1.conv3,5,0.5,0.9597 (0.9673),75.7812 (75.8920),93.3594 (92.8720)
49,layer4.1.conv3,5,0.5,0.9869 (0.9673),74.6094 (75.8920),92.9688 (92.8720)
49,layer4.1.conv3,6,0.6,0.9967 (0.9698),74.6094 (75.7600),92.5781 (92.7600)
49,layer4.1.conv3,6,0.6,0.9644 (0.9698),75.7812 (75.7600),92.9688 (92.7600)
49,layer4.1.conv3,7,0.7000000000000001,1.0038 (0.9786),74.6094 (75.4740),91.7969 (92.5900)
49,layer4.1.conv3,7,0.7000000000000001,0.9758 (0.9786),76.1719 (75.4740),92.5781 (92.5900)
49,layer4.1.conv3,8,0.7999999999999999,1.0187 (1.0010),74.2188 (74.9980),91.6667 (92.3240)
49,layer4.1.conv3,8,0.7999999999999999,1.0057 (1.0010),75.0000 (74.9980),92.1875 (92.3240)
49,layer4.1.conv3,9,0.9,1.0693 (1.0684),73.8281 (73.4600),91.7969 (91.6900)
49,layer4.1.conv3,9,0.9,1.0687 (1.0684),72.6562 (73.4600),91.7969 (91.6900)
50,layer4.2.conv1,1,0.09999999999999999,0.9880 (0.9625),75.0000 (76.0240),92.5781 (92.9640)
50,layer4.2.conv1,1,0.09999999999999999,0.9504 (0.9625),76.1719 (76.0240),93.3594 (92.9640)
50,layer4.2.conv1,2,0.19999999999999998,0.9917 (0.9632),74.6094 (76.0100),92.5781 (92.9620)
50,layer4.2.conv1,2,0.19999999999999998,0.9540 (0.9632),75.7812 (76.0100),93.3594 (92.9620)
50,layer4.2.conv1,3,0.3,0.9610 (0.9661),75.7812 (76.0180),93.3594 (92.9780)
50,layer4.2.conv1,3,0.3,0.9914 (0.9661),75.0000 (76.0180),92.9688 (92.9780)
50,layer4.2.conv1,4,0.39999999999999997,0.9662 (0.9711),75.7812 (75.9360),92.9688 (92.8880)
50,layer4.2.conv1,4,0.39999999999999997,0.9974 (0.9711),75.0000 (75.9360),92.8571 (92.8880)
50,layer4.2.conv1,5,0.5,1.0166 (0.9804),74.2188 (75.8160),92.5781 (92.8080)
50,layer4.2.conv1,5,0.5,0.9817 (0.9804),75.3906 (75.8160),92.9688 (92.8080)
50,layer4.2.conv1,6,0.6,1.0361 (0.9992),75.0000 (75.5060),92.5781 (92.6400)
50,layer4.2.conv1,6,0.6,0.9951 (0.9992),75.0000 (75.5060),92.5781 (92.6400)
50,layer4.2.conv1,7,0.7000000000000001,1.0441 (1.0385),74.6094 (74.6900),91.7969 (92.2180)
50,layer4.2.conv1,7,0.7000000000000001,1.0540 (1.0385),74.4048 (74.6900),92.1875 (92.2180)
50,layer4.2.conv1,8,0.7999999999999999,1.1488 (1.1307),72.2656 (72.5080),90.6250 (91.0640)
50,layer4.2.conv1,8,0.7999999999999999,1.1103 (1.1307),71.8750 (72.5080),91.0156 (91.0640)
50,layer4.2.conv1,9,0.9,1.3931 (1.4157),66.4062 (66.2600),87.5000 (87.4560)
50,layer4.2.conv1,9,0.9,1.4299 (1.4157),66.4062 (66.2600),87.8906 (87.4560)
51,layer4.2.conv2,1,0.09999999999999999,0.9512 (0.9627),76.1719 (76.0040),92.9688 (92.9220)
51,layer4.2.conv2,1,0.09999999999999999,0.9870 (0.9627),75.0000 (76.0040),92.5781 (92.9220)
51,layer4.2.conv2,2,0.19999999999999998,0.9882 (0.9626),74.6094 (76.0220),92.5781 (92.9120)
51,layer4.2.conv2,2,0.19999999999999998,0.9512 (0.9626),76.1719 (76.0220),93.3594 (92.9120)
51,layer4.2.conv2,3,0.3,0.9534 (26679030274257.9492),76.1719 (75.9900),93.3594 (92.9040)
51,layer4.2.conv2,3,0.3,0.9897 (26679030274257.9492),75.0000 (75.9900),92.5781 (92.9040)
51,layer4.2.conv2,4,0.39999999999999997,0.9538 (0.9662),75.7812 (75.9400),93.3594 (92.8660)
51,layer4.2.conv2,4,0.39999999999999997,0.9951 (0.9662),75.3906 (75.9400),92.5781 (92.8660)
51,layer4.2.conv2,5,0.5,0.9580 (0.9704),75.3906 (75.8640),93.3594 (92.8640)
51,layer4.2.conv2,5,0.5,0.9987 (0.9704),75.0000 (75.8640),92.5781 (92.8640)
51,layer4.2.conv2,6,0.6,1.0048 (0.9772),74.6094 (75.7160),92.1875 (92.7840)
51,layer4.2.conv2,6,0.6,0.9666 (0.9772),75.7812 (75.7160),93.3594 (92.7840)
51,layer4.2.conv2,7,0.7000000000000001,0.9813 (0.9906),75.7812 (75.2820),92.9688 (92.5320)
51,layer4.2.conv2,7,0.7000000000000001,1.0248 (0.9906),75.0000 (75.2820),92.1875 (92.5320)
51,layer4.2.conv2,8,0.7999999999999999,1.0501 (1.0153),73.8281 (74.6000),92.1875 (92.1900)
51,layer4.2.conv2,8,0.7999999999999999,1.0247 (1.0153),74.2188 (74.6000),92.9688 (92.1900)
51,layer4.2.conv2,9,0.9,1.0968 (1.1048),73.0469 (72.4600),91.7969 (91.0480)
51,layer4.2.conv2,9,0.9,1.1250 (1.1048),71.4844 (72.4600),91.0156 (91.0480)
52,layer4.2.conv3,1,0.09999999999999999,0.9868 (0.9626),75.0000 (76.0120),92.5781 (92.9300)
52,layer4.2.conv3,1,0.09999999999999999,0.9509 (0.9626),76.1719 (76.0120),92.9688 (92.9300)
52,layer4.2.conv3,2,0.19999999999999998,0.9860 (0.9628),75.0000 (76.0140),92.5781 (92.9380)
52,layer4.2.conv3,2,0.19999999999999998,0.9521 (0.9628),76.1719 (76.0140),93.3594 (92.9380)
52,layer4.2.conv3,3,0.3,0.9543 (0.9632),76.1719 (76.0060),93.3594 (92.9220)
52,layer4.2.conv3,3,0.3,0.9865 (0.9632),75.0000 (76.0060),92.9688 (92.9220)
52,layer4.2.conv3,4,0.39999999999999997,0.9564 (0.9644),76.1719 (75.9920),93.3594 (92.9020)
52,layer4.2.conv3,4,0.39999999999999997,0.9857 (0.9644),75.0000 (75.9920),92.9688 (92.9020)
52,layer4.2.conv3,5,0.5,0.9571 (0.9658),75.3906 (75.9600),93.3594 (92.8820)
52,layer4.2.conv3,5,0.5,0.9904 (0.9658),74.6094 (75.9600),92.9688 (92.8820)
52,layer4.2.conv3,6,0.6,0.9638 (0.9681),75.7812 (75.9420),92.9688 (92.8540)
52,layer4.2.conv3,6,0.6,0.9922 (0.9681),74.2188 (75.9420),92.9688 (92.8540)
52,layer4.2.conv3,7,0.7000000000000001,1.0066 (0.9739),74.4048 (75.6920),92.5781 (92.7460)
52,layer4.2.conv3,7,0.7000000000000001,0.9760 (0.9739),75.7812 (75.6920),92.5781 (92.7460)
52,layer4.2.conv3,8,0.7999999999999999,1.0196 (0.9892),74.2188 (75.2340),92.2619 (92.4300)
52,layer4.2.conv3,8,0.7999999999999999,0.9983 (0.9892),74.6094 (75.2340),92.5781 (92.4300)
52,layer4.2.conv3,9,0.9,1.0801 (1.0606),73.4375 (73.6800),91.7969 (91.5720)
52,layer4.2.conv3,9,0.9,1.0745 (1.0606),73.0469 (73.6800),91.4062 (91.5720)
53,fc,1,0.09999999999999999,0.9509 (0.9627),76.1719 (76.0000),93.3594 (92.9380)
53,fc,1,0.09999999999999999,0.9863 (0.9627),75.0000 (76.0000),92.5781 (92.9380)
53,fc,2,0.19999999999999998,0.9865 (0.9624),75.0000 (75.9840),92.9688 (92.9340)
53,fc,2,0.19999999999999998,0.9508 (0.9624),76.1719 (75.9840),93.3594 (92.9340)
53,fc,3,0.3,0.9516 (0.9621),75.7812 (75.9680),93.3594 (92.9400)
53,fc,3,0.3,0.9869 (0.9621),75.0000 (75.9680),92.5781 (92.9400)
53,fc,4,0.39999999999999997,0.9508 (0.9623),75.3906 (75.8860),93.3594 (92.8900)
53,fc,4,0.39999999999999997,0.9830 (0.9623),75.0000 (75.8860),92.9688 (92.8900)
53,fc,5,0.5,0.9888 (0.9638),75.0000 (75.8280),92.5781 (92.8580)
53,fc,5,0.5,0.9502 (0.9638),75.3906 (75.8280),92.9688 (92.8580)
53,fc,6,0.6,1.0026 (0.9692),75.0000 (75.7020),92.9688 (92.7280)
53,fc,6,0.6,0.9500 (0.9692),75.7812 (75.7020),92.9688 (92.7280)
53,fc,7,0.7000000000000001,1.0039 (0.9825),74.2188 (75.3380),92.9688 (92.5160)
53,fc,7,0.7000000000000001,0.9613 (0.9825),75.3906 (75.3380),93.3594 (92.5160)
53,fc,8,0.7999999999999999,1.0019 (1.0148),74.6094 (74.6780),92.5781 (92.2380)
53,fc,8,0.7999999999999999,1.0343 (1.0148),73.4375 (74.6780),92.5781 (92.2380)
53,fc,9,0.9,1.0983 (1.1072),73.0469 (73.0660),91.4062 (91.3380)
53,fc,9,0.9,1.1111 (1.1072),72.6562 (73.0660),91.4062 (91.3380)
